date,T2M,T2M_MAX,T2M_MIN,RH2M,WS2M,ALLSKY_SFC_SW_DWN,PRECTOTCORR,PS
2021-01-01,19.53,25.6,15.23,84.21,2.18,14.16,0.01,95.03
2021-01-02,18.87,24.79,14.78,84.76,2.14,15.21,0.0,95.01
2021-01-03,18.49,25.74,13.68,79.98,2.37,15.01,0.0,94.88
2021-01-04,18.85,25.98,14.22,78.87,2.47,16.88,0.0,94.87
2021-01-05,20.29,26.94,14.81,82.43,2.24,17.74,0.0,94.9
2021-01-06,22.01,27.18,18.26,85.59,2.06,7.61,0.81,94.85
2021-01-07,22.18,27.22,18.82,84.6,2.12,10.37,0.92,94.7
2021-01-08,22.0,27.81,18.13,76.85,2.79,15.34,0.03,94.65
2021-01-09,21.22,27.57,17.59,71.9,2.85,18.81,0.01,94.72
2021-01-10,21.22,28.25,15.69,70.24,2.03,17.72,0.0,94.82
2021-01-11,21.94,29.22,16.04,67.78,1.85,15.51,0.0,94.9
2021-01-12,22.58,29.78,17.42,72.15,1.97,14.96,0.0,94.94
2021-01-13,21.77,28.83,16.37,74.2,1.79,15.55,0.0,94.92
2021-01-14,21.32,28.83,15.96,70.71,1.64,17.25,0.0,94.85
2021-01-15,21.39,29.33,15.06,72.23,1.53,17.0,0.0,94.79
2021-01-16,21.75,29.11,15.83,72.6,1.88,16.01,0.0,94.69
2021-01-17,21.78,29.18,16.56,69.15,2.22,17.99,0.0,94.82
2021-01-18,21.6,29.04,16.05,74.89,2.15,16.44,0.0,94.9
2021-01-19,22.1,29.88,16.75,73.3,1.57,17.06,0.0,94.87
2021-01-20,22.75,30.49,15.68,64.37,1.05,17.09,0.0,94.87
2021-01-21,22.67,30.78,16.43,61.49,1.19,16.38,0.0,94.81
2021-01-22,21.83,29.91,15.65,66.53,1.85,15.21,0.0,94.84
2021-01-23,21.85,30.2,15.16,63.93,1.39,16.57,0.0,94.83
2021-01-24,22.84,31.36,15.32,62.25,1.35,17.46,0.0,94.87
2021-01-25,22.75,31.56,15.65,60.32,0.88,18.11,0.0,94.9
2021-01-26,22.47,31.23,15.09,62.61,1.3,17.62,0.0,94.85
2021-01-27,22.25,30.47,15.41,64.4,1.79,15.08,0.0,94.88
2021-01-28,22.33,29.83,16.4,67.54,2.53,15.64,0.0,94.95
2021-01-29,23.02,29.76,17.43,68.19,1.93,14.61,0.0,95.0
2021-01-30,22.82,29.66,16.7,66.02,1.35,15.23,0.0,94.95
2021-01-31,22.25,29.45,15.71,56.63,2.02,13.97,0.0,95.04
2021-02-01,20.79,28.03,15.09,61.17,2.13,14.42,0.0,95.23
2021-02-02,19.73,29.31,12.24,43.13,1.94,21.0,0.0,95.22
2021-02-03,20.37,29.24,13.33,50.0,1.85,21.0,0.0,95.13
2021-02-04,20.87,29.82,13.15,52.23,2.09,20.94,0.0,95.08
2021-02-05,21.63,30.49,13.61,54.71,1.63,20.44,0.0,94.93
2021-02-06,21.53,30.82,14.02,52.2,1.66,20.54,0.0,94.89
2021-02-07,20.24,29.2,13.57,46.9,2.66,19.87,0.0,95.05
2021-02-08,19.65,28.96,11.56,43.16,2.42,21.73,0.0,95.12
2021-02-09,21.26,30.65,15.46,45.03,1.6,21.19,0.0,95.0
2021-02-10,21.38,31.72,13.2,47.29,1.44,21.72,0.0,94.85
2021-02-11,21.9,31.92,13.35,49.75,2.12,21.62,0.0,94.78
2021-02-12,22.35,31.71,14.37,57.19,2.09,19.87,0.0,94.85
2021-02-13,22.55,31.8,14.44,53.24,2.26,20.21,0.0,94.92
2021-02-14,22.67,31.68,14.82,50.17,2.11,20.4,0.0,94.92
2021-02-15,23.38,31.88,15.55,47.03,1.68,20.47,0.0,94.81
2021-02-16,23.99,32.66,16.42,44.39,2.24,19.96,0.0,94.73
2021-02-17,23.46,32.26,16.17,48.22,3.11,19.64,0.0,94.74
2021-02-18,22.94,30.55,16.55,58.61,3.18,16.72,0.03,94.96
2021-02-19,21.87,27.98,17.18,64.26,2.12,13.68,1.29,95.12
2021-02-20,21.96,29.06,16.14,59.64,2.92,17.87,0.11,95.07
2021-02-21,22.36,29.6,16.29,64.04,2.75,18.17,0.02,95.11
2021-02-22,24.01,31.78,17.65,56.14,1.31,19.95,0.21,95.08
2021-02-23,24.57,33.21,18.91,43.5,1.99,22.39,0.0,94.94
2021-02-24,24.81,34.23,17.3,33.62,1.77,22.7,0.0,94.81
2021-02-25,25.58,35.21,17.66,32.32,1.31,22.92,0.0,94.78
2021-02-26,26.51,35.52,19.77,28.5,1.2,22.21,0.0,94.63
2021-02-27,26.35,35.75,18.99,29.93,1.65,22.37,0.0,94.58
2021-02-28,26.61,36.08,18.72,26.24,1.42,23.01,0.0,94.63
2021-03-01,27.51,36.91,19.95,27.76,1.77,19.49,0.0,94.85
2021-03-02,26.9,36.02,18.91,29.88,2.54,22.62,0.0,94.91
2021-03-03,26.28,36.09,17.73,22.95,2.55,24.36,0.0,94.84
2021-03-04,26.08,36.48,16.7,22.21,2.2,24.23,0.0,94.84
2021-03-05,26.31,36.37,16.76,29.78,1.62,24.19,0.0,94.9
2021-03-06,26.9,37.35,17.4,23.5,1.36,24.08,0.0,94.87
2021-03-07,27.51,37.23,17.87,26.11,2.38,23.52,0.0,94.79
2021-03-08,27.72,36.92,18.78,28.96,2.99,23.39,0.0,94.84
2021-03-09,27.51,36.48,18.6,36.56,2.92,23.19,0.0,94.9
2021-03-10,27.87,36.88,19.4,33.43,2.6,23.59,0.0,94.89
2021-03-11,27.37,36.53,19.15,29.0,3.19,24.33,0.0,94.88
2021-03-12,27.06,36.27,18.94,24.75,3.2,24.1,0.0,94.99
2021-03-13,26.58,36.11,17.79,27.07,2.39,23.9,0.0,94.97
2021-03-14,27.3,37.18,17.76,23.19,2.37,23.98,0.0,94.81
2021-03-15,27.99,37.26,18.73,28.62,2.14,23.21,0.0,94.71
2021-03-16,28.67,37.2,19.97,29.7,2.21,21.1,0.0,94.71
2021-03-17,29.31,37.43,20.94,30.48,2.04,20.13,0.0,94.61
2021-03-18,29.78,37.46,21.82,31.76,2.13,19.6,0.0,94.63
2021-03-19,28.51,34.86,23.23,32.65,2.01,20.08,0.0,94.64
2021-03-20,29.14,36.79,20.68,32.95,2.11,19.26,0.02,94.53
2021-03-21,29.3,37.38,20.96,29.46,2.03,21.83,0.0,94.52
2021-03-22,30.01,37.38,21.54,29.1,2.67,17.82,0.01,94.68
2021-03-23,29.88,38.02,22.29,31.1,2.68,22.01,0.02,94.76
2021-03-24,29.99,37.66,21.56,28.34,2.11,22.15,0.0,94.77
2021-03-25,30.18,36.05,25.02,25.6,2.27,19.45,0.0,94.68
2021-03-26,30.33,38.25,23.51,23.88,2.37,21.57,0.0,94.64
2021-03-27,30.32,39.42,21.62,21.94,1.74,21.99,0.0,94.56
2021-03-28,30.43,39.63,23.47,19.82,1.55,24.13,0.0,94.5
2021-03-29,30.37,40.08,21.03,23.21,1.89,23.93,0.0,94.45
2021-03-30,30.61,39.95,21.28,21.35,2.0,24.02,0.0,94.32
2021-03-31,30.63,40.83,21.26,13.58,2.95,26.56,0.0,94.2
2021-04-01,30.75,40.33,21.7,18.86,2.66,25.94,0.0,94.14
2021-04-02,30.79,39.95,21.86,17.44,2.4,26.0,0.0,94.21
2021-04-03,31.78,40.92,22.44,14.55,1.36,24.75,0.0,94.25
2021-04-04,31.09,40.09,23.1,17.76,1.87,23.8,0.0,94.44
2021-04-05,30.61,39.78,21.92,21.15,2.6,21.92,0.0,94.55
2021-04-06,31.1,39.93,22.22,35.77,2.72,22.77,0.0,94.6
2021-04-07,31.77,40.3,22.63,29.77,2.36,22.25,0.0,94.63
2021-04-08,32.21,39.22,25.5,27.29,2.13,17.79,0.0,94.49
2021-04-09,31.56,36.99,26.61,27.64,0.58,20.34,0.16,94.49
2021-04-10,30.02,35.89,24.22,38.18,2.48,22.62,0.09,94.65
2021-04-11,30.91,38.46,22.71,36.45,2.39,23.89,0.13,94.78
2021-04-12,30.27,36.96,23.49,41.1,1.75,16.26,7.4,94.81
2021-04-13,29.29,36.66,23.02,48.72,1.74,21.36,4.85,94.77
2021-04-14,27.77,33.19,22.64,58.53,1.48,19.75,8.33,94.73
2021-04-15,28.69,35.59,21.41,50.41,1.23,23.75,0.06,94.65
2021-04-16,29.47,37.47,21.38,44.47,2.35,25.15,0.0,94.56
2021-04-17,30.37,38.41,22.2,40.65,2.2,24.8,0.0,94.63
2021-04-18,31.37,37.79,24.52,39.18,1.68,21.2,0.0,94.69
2021-04-19,31.9,38.93,24.35,38.74,2.09,21.26,0.19,94.46
2021-04-20,32.54,39.65,26.21,37.0,3.36,21.76,0.72,94.34
2021-04-21,32.14,38.78,25.3,39.08,2.29,20.51,0.45,94.52
2021-04-22,31.8,37.88,25.83,37.87,1.45,21.25,0.22,94.58
2021-04-23,29.99,34.46,25.29,47.09,1.94,21.58,1.92,94.6
2021-04-24,31.42,38.48,24.77,38.21,1.99,22.82,0.08,94.55
2021-04-25,32.1,39.82,23.92,34.5,2.21,22.68,0.02,94.51
2021-04-26,32.04,37.61,25.84,37.49,1.57,22.32,0.95,94.5
2021-04-27,32.85,39.34,27.02,32.93,1.31,21.6,0.07,94.55
2021-04-28,31.89,37.3,26.2,38.03,1.94,20.42,0.22,94.63
2021-04-29,33.14,39.85,27.21,31.49,1.31,21.88,0.03,94.56
2021-04-30,33.06,40.03,26.08,31.09,2.23,22.93,0.01,94.48
2021-05-01,31.64,38.39,25.17,39.34,2.14,21.4,4.04,94.49
2021-05-02,31.19,38.58,23.46,41.69,1.71,23.93,0.57,94.54
2021-05-03,31.42,37.57,26.05,39.37,1.32,20.78,1.61,94.46
2021-05-04,30.78,37.61,24.53,42.48,1.92,21.06,2.71,94.43
2021-05-05,30.88,37.6,24.24,45.57,1.88,22.25,2.29,94.43
2021-05-06,31.26,37.99,24.52,45.92,3.04,22.97,1.14,94.51
2021-05-07,31.62,38.33,25.41,43.46,3.32,23.98,0.0,94.6
2021-05-08,31.5,37.92,25.67,45.33,2.5,24.2,0.22,94.53
2021-05-09,32.96,39.48,25.64,39.68,1.73,25.63,0.12,94.39
2021-05-10,32.36,37.14,27.31,47.82,2.05,19.83,6.49,94.34
2021-05-11,31.79,38.27,26.27,51.06,2.16,20.21,2.56,94.29
2021-05-12,33.04,39.76,26.17,43.24,1.97,25.18,0.77,94.15
2021-05-13,30.75,36.16,26.29,49.74,2.96,21.57,1.35,94.2
2021-05-14,30.47,35.37,26.02,52.71,2.01,17.95,0.38,94.08
2021-05-15,29.85,35.94,24.53,58.44,5.9,21.97,0.27,94.03
2021-05-16,27.98,33.73,24.97,68.4,5.67,17.14,3.17,94.13
2021-05-17,29.29,35.22,24.13,60.8,4.31,23.99,0.92,94.24
2021-05-18,29.12,34.54,25.13,61.18,3.83,22.24,0.41,94.32
2021-05-19,28.14,32.55,23.63,64.73,3.29,23.94,2.6,94.28
2021-05-20,28.39,32.0,24.85,65.03,3.17,20.38,1.72,94.28
2021-05-21,30.25,36.92,23.89,55.13,2.43,20.85,0.47,94.22
2021-05-22,30.63,37.25,24.76,52.78,2.14,21.76,2.62,94.16
2021-05-23,31.6,38.78,24.81,43.76,3.23,22.97,0.83,94.19
2021-05-24,30.53,35.56,26.02,44.66,3.68,17.68,1.23,94.23
2021-05-25,32.47,39.16,26.12,33.44,4.21,21.89,0.03,94.0
2021-05-26,33.17,40.22,25.68,37.9,5.14,23.13,0.02,93.87
2021-05-27,33.13,39.61,26.38,37.76,5.15,23.16,1.13,93.97
2021-05-28,31.67,37.44,26.69,48.49,4.38,19.78,1.95,94.19
2021-05-29,30.45,35.8,25.53,58.97,3.29,21.4,8.32,94.28
2021-05-30,30.48,36.08,25.41,60.05,2.29,23.43,0.15,94.28
2021-05-31,31.05,36.81,25.18,55.13,2.42,22.27,0.2,94.1
2021-06-01,30.87,36.4,26.22,58.34,1.8,22.58,5.37,94.17
2021-06-02,27.65,31.27,24.85,74.9,2.22,19.83,13.66,94.31
2021-06-03,26.87,30.22,23.62,73.84,1.67,12.28,1.78,94.45
2021-06-04,26.12,29.23,23.87,77.33,2.07,16.99,15.16,94.5
2021-06-05,27.72,33.94,22.51,68.7,2.27,24.13,4.4,94.4
2021-06-06,28.28,33.65,22.94,65.6,2.72,22.3,1.81,94.38
2021-06-07,28.52,33.57,24.05,65.11,3.28,23.07,0.21,94.34
2021-06-08,28.8,33.89,24.01,63.25,3.55,25.25,2.09,94.25
2021-06-09,27.38,31.42,24.12,71.47,4.58,10.87,4.59,94.12
2021-06-10,25.56,30.03,22.8,79.45,5.94,17.84,11.48,94.02
2021-06-11,26.89,33.68,20.48,63.76,5.36,13.83,2.37,94.04
2021-06-12,27.27,33.14,22.44,71.43,4.13,17.59,3.7,93.97
2021-06-13,26.15,29.7,23.54,82.05,4.32,17.21,18.45,93.99
2021-06-14,24.78,28.49,21.91,80.13,4.28,17.51,2.73,93.93
2021-06-15,26.95,33.13,22.23,67.64,5.42,19.19,4.52,93.86
2021-06-16,25.79,30.11,21.81,72.54,5.41,17.88,3.11,94.0
2021-06-17,25.92,30.1,22.31,74.16,5.56,18.76,2.13,94.09
2021-06-18,27.0,31.59,23.11,70.93,5.86,14.63,0.98,94.2
2021-06-19,26.78,31.85,22.95,71.59,5.55,15.52,3.09,94.34
2021-06-20,26.91,32.3,22.66,69.02,5.01,23.63,0.16,94.39
2021-06-21,27.17,32.29,22.43,67.83,3.83,22.88,0.0,94.36
2021-06-22,26.96,31.31,23.33,68.79,3.3,19.64,0.02,94.28
2021-06-23,26.19,30.74,22.96,70.23,3.62,13.51,2.18,94.29
2021-06-24,26.76,31.62,22.85,66.57,4.41,13.04,1.04,94.31
2021-06-25,26.82,33.65,21.64,65.23,4.61,18.67,0.37,94.22
2021-06-26,25.19,28.26,22.2,77.84,3.62,18.5,5.38,94.18
2021-06-27,25.47,29.56,22.07,79.98,2.98,8.54,12.1,94.25
2021-06-28,26.3,29.82,22.78,79.31,1.54,15.64,10.66,94.28
2021-06-29,27.25,31.24,22.73,73.08,1.75,21.38,4.16,94.27
2021-06-30,27.92,33.0,23.39,72.68,3.1,21.3,1.46,94.23
2021-07-01,25.8,28.61,23.5,81.41,2.73,12.74,16.41,94.16
2021-07-02,25.51,29.83,22.23,77.63,3.54,11.25,0.81,94.23
2021-07-03,27.0,32.04,22.52,71.66,2.8,21.42,0.05,94.27
2021-07-04,27.0,31.75,22.98,74.09,2.99,21.94,0.46,94.3
2021-07-05,27.51,32.16,23.39,74.01,1.67,17.52,1.28,94.24
2021-07-06,26.58,30.13,24.09,80.43,1.52,20.63,16.06,94.15
2021-07-07,27.07,31.16,23.39,79.3,1.83,20.3,8.21,94.13
2021-07-08,25.44,27.88,23.66,85.88,0.91,11.11,18.8,94.18
2021-07-09,25.32,29.29,22.57,84.3,1.66,17.32,13.42,93.98
2021-07-10,25.4,29.68,22.42,82.05,2.39,13.75,7.67,93.84
2021-07-11,24.51,28.1,22.27,88.65,3.24,4.78,10.64,93.77
2021-07-12,25.07,28.77,22.15,85.69,3.16,13.4,20.59,93.81
2021-07-13,24.42,27.77,22.49,87.26,4.37,12.55,17.38,93.84
2021-07-14,24.21,27.95,21.31,85.51,4.95,11.45,35.88,93.89
2021-07-15,25.61,30.07,22.45,84.4,3.41,14.25,13.47,93.86
2021-07-16,26.6,31.55,22.83,81.37,0.97,16.48,6.1,94.13
2021-07-17,26.37,29.96,22.75,84.38,2.07,20.89,11.0,94.18
2021-07-18,26.09,29.38,23.56,86.98,2.46,16.23,17.94,94.0
2021-07-19,25.5,29.51,22.85,84.23,4.91,17.52,5.1,93.97
2021-07-20,24.5,27.43,22.27,85.71,5.16,15.61,7.06,94.25
2021-07-21,23.78,26.51,22.25,86.95,6.76,6.31,19.38,94.08
2021-07-22,23.91,26.07,22.27,89.89,6.87,4.44,31.1,93.71
2021-07-23,24.26,27.79,21.63,86.61,4.7,11.72,8.54,93.81
2021-07-24,25.87,31.35,21.7,79.11,4.59,18.8,1.46,93.93
2021-07-25,26.03,30.88,22.3,82.17,4.44,19.26,0.68,94.04
2021-07-26,26.01,30.5,22.53,81.04,5.24,20.23,0.44,94.07
2021-07-27,25.13,29.22,22.0,81.81,4.71,21.74,0.03,94.07
2021-07-28,25.27,29.56,21.49,79.5,5.03,20.78,0.02,94.15
2021-07-29,24.59,28.9,21.63,81.97,5.65,13.53,0.0,94.19
2021-07-30,23.69,26.43,21.38,87.33,4.36,15.97,0.63,94.26
2021-07-31,24.07,27.35,21.53,84.43,4.77,14.83,0.04,94.31
2021-08-01,25.33,29.57,21.78,79.26,5.08,15.87,0.01,94.19
2021-08-02,25.3,30.3,21.25,79.34,4.84,18.72,0.12,94.22
2021-08-03,25.56,30.41,21.31,79.57,4.4,17.63,0.03,94.34
2021-08-04,25.87,30.26,22.41,80.14,4.49,17.82,0.0,94.34
2021-08-05,24.64,27.51,22.08,85.5,3.8,16.77,0.87,94.2
2021-08-06,25.91,30.49,21.98,80.1,4.01,17.19,0.24,94.12
2021-08-07,26.27,30.73,22.41,79.75,2.82,22.76,0.62,94.22
2021-08-08,25.78,29.57,22.88,82.95,2.02,19.29,0.86,94.35
2021-08-09,25.36,28.15,23.15,87.68,1.79,18.24,0.21,94.4
2021-08-10,25.5,28.79,22.62,85.7,1.97,17.31,1.41,94.33
2021-08-11,25.54,29.37,22.49,84.36,2.21,20.2,0.25,94.33
2021-08-12,24.85,28.06,22.21,86.74,2.06,19.95,0.88,94.42
2021-08-13,24.41,27.45,21.97,85.61,2.23,15.87,2.92,94.33
2021-08-14,25.02,29.06,21.93,83.63,2.62,18.38,0.03,94.17
2021-08-15,25.02,28.77,22.63,82.7,2.86,18.05,0.26,94.17
2021-08-16,23.9,27.03,21.8,87.87,2.94,9.51,4.3,94.29
2021-08-17,23.74,27.99,21.12,88.06,3.3,6.99,15.66,94.28
2021-08-18,24.6,29.35,21.11,83.72,3.19,11.12,13.87,94.12
2021-08-19,23.78,27.02,21.45,88.35,3.78,13.02,1.95,94.09
2021-08-20,24.06,28.13,21.5,87.16,2.28,11.44,0.65,94.23
2021-08-21,24.03,28.41,20.67,85.66,2.45,13.53,10.24,94.4
2021-08-22,24.43,28.58,21.2,84.44,2.05,22.1,11.66,94.44
2021-08-23,25.28,28.78,21.07,82.22,1.06,21.41,12.18,94.42
2021-08-24,26.32,30.73,21.86,81.52,1.27,21.42,7.28,94.36
2021-08-25,25.44,28.84,23.19,89.03,1.72,19.26,13.57,94.25
2021-08-26,24.19,27.21,22.05,89.69,2.19,15.23,8.16,94.18
2021-08-27,24.89,28.95,22.01,85.96,1.4,11.6,3.05,94.11
2021-08-28,25.18,29.83,21.24,83.22,1.27,11.55,5.88,93.98
2021-08-29,24.55,27.82,22.21,90.99,2.13,14.92,26.33,93.85
2021-08-30,23.33,26.54,21.39,88.97,4.18,6.18,12.17,93.92
2021-08-31,23.37,27.13,20.53,88.6,3.44,9.94,16.81,94.05
2021-09-01,24.64,28.89,20.79,83.26,2.09,16.49,0.1,94.36
2021-09-02,25.51,29.59,21.31,81.94,1.45,17.4,4.58,94.32
2021-09-03,24.15,26.89,22.18,90.33,2.43,12.28,19.06,94.2
2021-09-04,23.87,26.7,21.63,91.91,2.81,17.41,24.19,94.17
2021-09-05,23.7,26.94,21.88,92.02,2.63,13.9,25.71,94.14
2021-09-06,23.2,25.15,21.75,93.89,2.82,5.51,22.94,94.07
2021-09-07,23.78,27.49,21.55,90.16,3.73,8.94,16.55,93.95
2021-09-08,24.39,29.08,20.81,87.23,4.65,16.06,1.0,94.08
2021-09-09,24.87,29.02,21.08,85.16,4.12,19.03,0.03,94.31
2021-09-10,25.2,29.51,21.72,85.0,3.6,18.89,0.01,94.3
2021-09-11,25.41,29.58,22.16,85.55,3.59,17.34,0.62,94.2
2021-09-12,24.91,28.55,22.18,87.65,3.77,16.7,0.81,94.03
2021-09-13,24.45,27.46,22.33,92.0,3.43,15.58,8.95,93.91
2021-09-14,24.95,28.69,22.25,86.68,3.91,15.97,1.35,94.01
2021-09-15,25.05,29.22,21.72,84.95,3.3,20.59,0.03,94.21
2021-09-16,25.05,29.42,21.46,83.86,2.9,20.73,0.0,94.25
2021-09-17,24.85,29.01,21.56,83.69,2.48,21.45,0.0,94.26
2021-09-18,25.04,28.44,21.5,81.18,1.72,16.22,0.0,94.43
2021-09-19,25.15,29.31,21.04,81.47,1.22,18.05,2.23,94.59
2021-09-20,25.4,29.43,21.8,86.34,1.64,16.77,4.51,94.47
2021-09-21,24.13,27.42,21.61,90.54,1.95,15.75,15.22,94.34
2021-09-22,24.47,28.41,21.7,89.1,2.3,11.5,6.78,94.13
2021-09-23,23.8,26.11,22.22,92.73,2.05,13.66,19.78,94.18
2021-09-24,24.55,28.44,21.53,87.48,1.97,17.35,2.32,94.29
2021-09-25,24.37,27.92,21.22,88.6,1.7,17.17,22.52,94.29
2021-09-26,24.44,28.24,21.39,89.96,2.62,13.06,9.0,94.07
2021-09-27,23.74,25.46,22.18,92.92,3.24,5.01,46.01,93.76
2021-09-28,23.23,26.88,20.49,88.19,4.78,13.23,6.08,93.92
2021-09-29,23.35,28.01,18.02,79.9,2.12,16.53,0.01,94.36
2021-09-30,24.74,28.4,21.42,86.83,1.41,19.28,0.02,94.53
2021-10-01,25.4,29.23,22.56,86.39,1.39,20.22,6.67,94.51
2021-10-02,25.14,29.6,21.67,85.59,1.5,19.44,0.9,94.53
2021-10-03,25.25,29.14,21.64,83.65,0.97,19.88,1.55,94.52
2021-10-04,25.49,29.6,21.55,85.85,1.22,18.14,1.35,94.42
2021-10-05,25.25,28.62,22.45,88.71,1.48,16.58,2.78,94.43
2021-10-06,24.69,28.67,22.32,89.07,1.95,20.86,0.88,94.38
2021-10-07,25.08,29.0,22.22,88.37,1.63,19.64,0.98,94.35
2021-10-08,25.92,29.64,22.41,84.5,0.65,18.73,7.01,94.34
2021-10-09,24.43,26.99,22.68,92.64,1.68,16.88,33.18,94.43
2021-10-10,24.09,27.36,21.58,90.64,1.17,18.62,3.87,94.44
2021-10-11,23.75,27.99,20.83,83.7,1.65,21.28,3.16,94.35
2021-10-12,23.49,28.7,18.74,81.95,1.45,19.2,0.04,94.35
2021-10-13,23.84,28.8,19.35,83.78,1.48,17.25,0.01,94.31
2021-10-14,23.96,28.88,19.79,83.6,1.71,19.18,0.0,94.28
2021-10-15,24.07,28.98,19.08,86.34,1.94,17.96,0.1,94.05
2021-10-16,24.42,27.27,22.39,90.65,1.06,9.22,37.08,93.96
2021-10-17,24.58,28.54,21.78,88.58,1.56,12.86,1.36,94.03
2021-10-18,24.92,28.9,22.01,86.37,2.59,19.49,0.0,94.27
2021-10-19,23.99,28.64,20.71,82.67,1.83,17.68,0.0,94.65
2021-10-20,22.97,27.71,20.09,77.79,1.49,19.51,0.0,94.89
2021-10-21,22.27,27.5,18.6,81.78,1.62,21.19,0.0,94.93
2021-10-22,21.46,27.36,16.61,76.16,1.46,21.41,0.0,94.95
2021-10-23,22.38,28.31,17.84,74.0,1.14,21.05,0.0,94.94
2021-10-24,22.47,27.86,18.07,78.63,1.21,17.29,0.0,94.96
2021-10-25,21.57,26.59,17.5,80.81,1.74,19.17,0.0,94.87
2021-10-26,21.31,26.63,17.14,85.18,2.01,19.63,0.0,94.8
2021-10-27,20.56,26.35,16.18,82.49,2.24,19.99,0.0,94.86
2021-10-28,21.44,26.85,16.41,87.44,2.63,17.28,0.0,94.86
2021-10-29,22.53,26.55,19.03,89.16,2.89,15.5,0.18,94.96
2021-10-30,22.96,27.33,19.39,88.65,2.42,14.82,0.35,95.0
2021-10-31,22.45,27.26,19.14,86.14,2.17,18.15,0.27,94.95
2021-11-01,21.74,26.72,16.94,84.72,1.74,12.73,0.3,94.86
2021-11-02,22.51,25.9,20.01,90.66,1.43,13.14,4.64,94.85
2021-11-03,22.56,26.11,20.2,88.69,1.65,12.95,0.45,94.86
2021-11-04,22.84,26.67,19.8,90.31,1.72,13.68,0.18,94.8
2021-11-05,23.08,27.52,20.06,87.4,1.76,14.29,0.03,94.76
2021-11-06,22.47,27.39,18.85,86.89,1.7,17.43,0.0,94.69
2021-11-07,20.92,26.51,17.02,84.48,1.94,17.51,0.0,94.7
2021-11-08,19.52,25.81,14.58,81.69,1.88,19.39,0.0,94.82
2021-11-09,18.98,25.72,13.92,80.08,2.13,14.68,0.0,94.87
2021-11-10,18.96,25.26,13.66,79.31,2.09,16.27,0.0,94.79
2021-11-11,19.28,24.22,15.56,84.31,2.55,11.81,0.01,94.6
2021-11-12,21.51,26.49,17.13,89.89,2.67,9.85,0.45,94.56
2021-11-13,23.56,28.07,20.23,89.99,1.57,11.72,2.31,94.54
2021-11-14,23.88,28.15,20.97,88.97,1.72,12.44,1.59,94.54
2021-11-15,24.18,28.56,21.35,88.63,1.76,12.55,0.7,94.44
2021-11-16,24.32,28.56,21.43,87.76,2.38,12.06,0.4,94.49
2021-11-17,23.75,27.74,20.86,87.97,2.5,10.22,0.37,94.71
2021-11-18,23.31,27.2,20.45,90.4,1.53,9.59,0.25,94.62
2021-11-19,22.98,26.37,21.0,91.3,2.63,10.81,1.01,94.4
2021-11-20,23.72,27.25,21.17,89.35,2.49,9.7,1.88,94.38
2021-11-21,23.96,28.27,20.88,88.35,2.68,9.26,1.28,94.64
2021-11-22,24.38,29.14,20.61,85.61,1.18,16.35,0.43,94.78
2021-11-23,24.43,28.98,20.52,86.05,1.16,15.24,0.21,94.72
2021-11-24,23.68,28.11,20.65,88.33,1.95,15.0,0.17,94.79
2021-11-25,22.38,27.88,18.16,83.49,1.52,16.75,0.1,94.87
2021-11-26,20.83,27.23,16.01,80.73,1.41,16.86,0.0,94.9
2021-11-27,19.64,26.12,14.67,80.86,1.74,14.37,0.0,94.93
2021-11-28,19.43,25.91,13.17,82.32,1.9,14.92,0.05,94.99
2021-11-29,21.02,25.74,17.66,87.09,2.1,8.69,2.36,95.03
2021-11-30,20.76,25.96,17.29,82.43,1.76,13.91,1.05,95.02
2021-12-01,20.51,26.83,15.71,81.59,1.63,16.82,0.01,94.91
2021-12-02,21.39,27.25,16.9,84.64,1.42,14.31,0.01,94.85
2021-12-03,21.03,26.15,17.11,82.66,1.61,12.45,0.09,94.89
2021-12-04,21.18,27.41,15.75,79.51,1.7,17.26,0.0,94.84
2021-12-05,21.8,27.73,16.91,79.3,1.56,18.28,0.0,94.85
2021-12-06,21.41,27.81,16.21,76.13,1.51,18.23,0.0,94.86
2021-12-07,20.13,26.46,15.26,75.23,1.83,15.45,0.0,94.94
2021-12-08,20.26,24.96,16.07,86.95,1.78,14.03,0.0,94.99
2021-12-09,21.39,26.54,17.03,86.59,1.82,13.17,0.0,95.1
2021-12-10,21.71,26.07,19.06,87.12,1.91,10.37,0.0,95.16
2021-12-11,21.52,26.59,17.6,85.39,1.77,14.73,0.0,95.14
2021-12-12,21.03,26.39,17.03,84.66,1.71,14.28,0.0,95.15
2021-12-13,20.83,25.75,17.45,85.53,1.36,12.54,0.0,95.06
2021-12-14,20.34,24.59,17.43,88.13,1.55,11.01,0.0,94.99
2021-12-15,20.2,25.06,17.05,85.55,1.5,12.65,0.0,95.04
2021-12-16,18.87,25.14,14.96,76.2,1.32,16.37,0.0,95.12
2021-12-17,18.52,25.44,13.77,72.99,1.22,17.55,0.0,95.16
2021-12-18,17.79,25.32,12.86,69.58,1.73,17.49,0.0,95.14
2021-12-19,16.91,24.31,11.16,76.11,1.75,15.47,0.0,95.22
2021-12-20,15.82,24.1,9.76,66.63,1.73,16.88,0.0,95.21
2021-12-21,16.53,24.96,9.99,52.25,1.24,18.52,0.0,95.16
2021-12-22,18.01,26.41,12.43,51.12,1.12,18.81,0.0,95.0
2021-12-23,18.48,27.18,11.47,58.5,1.3,17.66,0.0,94.93
2021-12-24,19.34,27.39,11.79,63.79,1.36,16.24,0.0,94.92
2021-12-25,19.77,27.71,13.08,73.6,1.57,15.31,0.0,94.95
2021-12-26,20.68,27.82,14.26,73.24,0.99,13.63,0.0,95.09
2021-12-27,20.63,27.37,15.46,79.19,1.66,11.14,0.0,95.14
2021-12-28,20.66,27.0,16.32,78.92,2.17,13.73,0.0,95.07
2021-12-29,20.61,27.13,16.12,76.25,2.1,13.84,0.01,95.04
2021-12-30,19.6,25.59,15.48,80.17,2.53,14.42,0.03,95.26
2021-12-31,20.14,26.3,15.56,79.54,2.19,15.1,0.0,95.36
2022-01-01,20.2,26.58,14.73,79.01,1.67,13.98,0.0,95.35
2022-01-02,20.35,26.6,15.25,78.86,1.68,14.67,0.0,95.21
2022-01-03,19.37,26.96,13.35,70.35,1.5,16.85,0.0,95.15
2022-01-04,18.8,26.81,12.35,68.15,1.65,17.83,0.0,95.16
2022-01-05,19.34,27.07,13.99,73.37,1.77,16.12,0.0,95.12
2022-01-06,19.66,27.25,13.95,71.3,2.5,16.8,0.0,95.02
2022-01-07,20.82,27.89,15.76,72.53,3.03,16.31,0.0,95.0
2022-01-08,21.39,27.36,16.67,77.19,2.84,12.8,0.01,95.02
2022-01-09,22.2,28.06,17.6,75.32,2.42,13.57,0.29,94.87
2022-01-10,22.04,27.75,18.18,79.24,2.39,11.56,1.98,94.86
2022-01-11,22.61,27.88,18.35,76.67,2.26,11.57,1.65,94.84
2022-01-12,22.06,27.77,18.13,76.25,2.11,11.19,3.03,94.79
2022-01-13,21.31,27.54,17.25,79.55,2.33,11.38,2.69,94.77
2022-01-14,21.71,27.4,16.39,72.32,2.0,15.01,0.1,94.76
2022-01-15,21.19,27.02,16.41,77.19,1.78,13.88,0.87,94.93
2022-01-16,20.71,27.24,15.74,75.26,2.48,8.58,0.89,95.14
2022-01-17,20.48,26.66,15.75,75.99,1.77,13.38,0.05,95.28
2022-01-18,20.19,28.14,14.09,67.01,1.53,17.87,0.0,95.16
2022-01-19,19.7,27.87,14.05,63.36,1.68,18.25,0.0,94.99
2022-01-20,20.77,29.71,14.43,57.02,1.3,18.9,0.0,94.72
2022-01-21,20.97,30.5,13.53,58.31,2.07,19.28,0.0,94.69
2022-01-22,22.81,30.86,15.48,51.11,1.78,19.01,0.0,94.51
2022-01-23,20.76,28.38,13.72,63.65,2.4,18.44,0.0,94.53
2022-01-24,19.12,27.49,11.91,57.01,1.71,18.14,0.0,94.6
2022-01-25,18.27,27.05,10.77,59.17,1.53,16.64,0.0,94.67
2022-01-26,18.66,27.51,11.01,59.47,1.46,17.04,0.0,94.77
2022-01-27,18.1,26.82,11.38,54.12,2.29,18.23,0.0,94.92
2022-01-28,17.14,26.79,10.02,45.1,2.43,21.22,0.0,95.07
2022-01-29,17.23,27.66,8.74,43.45,1.89,21.58,0.0,95.12
2022-01-30,20.03,29.89,10.5,37.55,1.29,21.16,0.0,94.92
2022-01-31,21.69,31.29,13.33,36.2,1.16,21.04,0.0,94.78
2022-02-01,21.43,31.72,14.38,43.53,1.22,19.52,0.0,94.72
2022-02-02,22.35,32.2,13.28,50.24,1.12,19.29,0.0,94.75
2022-02-03,22.34,31.72,14.75,59.96,2.73,18.32,0.0,94.58
2022-02-04,20.32,29.1,13.12,44.78,2.19,21.07,0.0,94.6
2022-02-05,20.41,30.31,11.58,39.97,1.37,21.54,0.0,94.72
2022-02-06,20.39,30.49,11.68,40.48,1.99,21.32,0.0,94.98
2022-02-07,22.41,31.42,14.64,61.56,1.55,20.28,0.0,94.94
2022-02-08,23.48,31.58,15.64,60.63,1.97,17.25,0.0,94.8
2022-02-09,23.57,30.82,17.6,66.25,3.03,15.51,0.0,94.79
2022-02-10,23.06,30.23,16.95,64.02,1.64,15.7,0.0,94.86
2022-02-11,22.1,29.66,16.56,58.48,2.75,17.22,0.0,94.95
2022-02-12,20.97,30.5,13.36,41.79,2.14,21.73,0.0,94.89
2022-02-13,20.97,30.9,12.32,36.22,1.88,22.29,0.0,94.73
2022-02-14,22.13,31.21,14.43,56.26,2.1,20.03,0.0,94.69
2022-02-15,23.55,31.52,16.2,57.62,2.12,17.65,0.0,94.63
2022-02-16,23.92,30.16,17.62,58.08,2.1,14.74,0.03,94.48
2022-02-17,24.38,31.11,18.22,55.05,2.4,15.49,0.0,94.44
2022-02-18,24.21,31.06,18.15,55.37,2.71,17.9,0.0,94.63
2022-02-19,24.86,32.29,17.58,51.77,1.93,20.04,0.0,94.79
2022-02-20,25.92,34.06,17.72,44.92,2.26,20.02,0.0,94.62
2022-02-21,24.98,34.56,17.3,32.78,1.82,21.8,0.0,94.59
2022-02-22,24.67,35.06,15.74,27.2,2.17,22.45,0.0,94.77
2022-02-23,25.03,34.53,16.5,50.04,2.78,21.92,0.0,95.0
2022-02-24,25.5,34.73,17.41,49.22,2.9,22.48,0.0,95.06
2022-02-25,25.69,34.75,17.38,41.27,2.69,22.48,0.0,94.99
2022-02-26,24.67,33.7,16.56,42.28,3.48,23.45,0.0,95.02
2022-02-27,24.61,33.85,16.34,41.48,3.22,24.37,0.0,95.04
2022-02-28,24.69,34.24,16.16,37.41,2.9,24.6,0.0,94.97
2022-03-01,25.57,35.03,16.62,30.77,2.67,23.43,0.0,94.96
2022-03-02,25.68,34.68,17.05,32.1,2.7,24.14,0.0,94.96
2022-03-03,25.89,34.58,17.15,34.4,2.54,22.97,0.0,94.91
2022-03-04,26.35,34.57,17.81,41.13,2.74,22.68,0.0,94.93
2022-03-05,26.47,34.95,18.32,35.45,2.51,22.3,0.0,94.85
2022-03-06,27.17,34.67,19.11,35.21,2.46,21.08,0.0,94.79
2022-03-07,27.02,34.8,19.11,36.37,2.57,22.65,0.0,94.82
2022-03-08,27.49,35.52,19.1,37.0,1.59,21.64,0.0,94.78
2022-03-09,27.68,36.27,19.45,28.07,2.15,22.46,0.0,94.75
2022-03-10,27.89,35.18,19.14,28.06,2.06,19.48,0.0,94.71
2022-03-11,28.43,33.39,23.63,32.81,1.23,18.35,0.28,94.7
2022-03-12,27.4,33.49,21.29,33.86,1.92,18.46,0.04,94.67
2022-03-13,28.64,35.97,22.33,31.64,2.15,22.27,0.0,94.69
2022-03-14,28.14,36.95,20.05,22.73,2.28,25.55,0.0,94.72
2022-03-15,28.84,37.94,21.47,16.39,2.48,24.74,0.0,94.55
2022-03-16,30.36,39.35,23.04,17.84,2.04,25.16,0.0,94.41
2022-03-17,30.72,39.93,23.37,17.01,2.07,25.37,0.0,94.37
2022-03-18,30.42,39.69,21.3,21.99,1.77,23.96,0.0,94.28
2022-03-19,30.09,38.54,21.5,36.29,2.31,20.49,0.16,94.26
2022-03-20,30.58,38.34,23.94,34.52,2.32,19.02,0.07,94.24
2022-03-21,30.91,38.96,23.47,27.95,1.89,19.71,0.0,94.35
2022-03-22,30.59,38.89,22.11,25.47,2.01,18.49,0.0,94.4
2022-03-23,31.29,39.29,24.23,24.59,1.74,20.8,0.0,94.38
2022-03-24,31.48,39.35,23.31,34.22,1.8,20.04,0.0,94.38
2022-03-25,32.05,39.29,24.16,35.22,1.89,19.61,0.0,94.48
2022-03-26,33.15,39.99,25.94,31.03,1.42,19.95,0.0,94.63
2022-03-27,32.43,40.01,24.66,29.83,1.75,19.65,0.0,94.65
2022-03-28,32.03,40.6,23.4,28.58,1.45,22.15,0.0,94.59
2022-03-29,31.87,41.0,23.18,27.68,1.7,23.69,0.0,94.47
2022-03-30,31.82,41.1,23.28,18.93,1.27,25.21,0.0,94.44
2022-03-31,31.67,41.09,22.25,26.5,1.47,24.69,0.0,94.47
2022-04-01,32.17,41.19,22.91,35.5,1.7,24.16,0.0,94.48
2022-04-02,32.24,40.51,23.58,39.03,2.31,22.08,0.0,94.6
2022-04-03,32.3,40.9,23.91,31.4,2.05,21.62,0.0,94.56
2022-04-04,32.8,40.93,24.28,30.87,2.25,21.5,0.0,94.59
2022-04-05,32.61,40.64,24.4,31.59,2.44,22.13,0.0,94.76
2022-04-06,32.92,40.85,25.34,27.21,2.39,22.82,0.0,94.76
2022-04-07,32.62,40.89,24.11,29.0,2.5,22.79,0.0,94.67
2022-04-08,32.18,39.55,24.51,31.42,2.99,22.87,0.0,94.61
2022-04-09,32.37,39.98,24.32,36.07,2.24,19.99,0.11,94.5
2022-04-10,32.24,39.75,25.27,34.74,2.61,23.36,0.01,94.47
2022-04-11,32.57,39.74,25.41,32.24,2.44,20.71,0.0,94.42
2022-04-12,33.5,41.27,25.73,30.76,2.52,22.68,0.0,94.33
2022-04-13,33.03,40.84,25.21,29.87,2.54,21.14,0.0,94.28
2022-04-14,32.41,39.01,25.51,35.04,2.29,22.66,0.02,94.31
2022-04-15,32.83,38.62,27.08,38.19,1.78,16.52,0.04,94.29
2022-04-16,31.9,37.0,27.56,37.65,1.87,19.29,0.0,94.26
2022-04-17,33.07,39.86,26.08,33.44,2.28,21.03,0.01,94.28
2022-04-18,33.05,38.27,27.01,33.28,2.0,22.98,0.04,94.47
2022-04-19,34.16,41.36,27.02,28.02,1.92,23.23,0.8,94.55
2022-04-20,34.51,41.57,26.72,28.48,1.8,24.21,0.03,94.41
2022-04-21,34.64,41.24,27.9,28.25,2.42,20.78,0.45,94.32
2022-04-22,30.82,35.3,26.81,43.43,2.17,17.67,2.57,94.56
2022-04-23,28.59,31.59,26.53,48.25,1.03,22.25,0.25,94.66
2022-04-24,31.21,37.27,25.43,40.52,2.06,22.92,0.07,94.49
2022-04-25,33.1,39.68,26.52,34.35,1.04,23.21,0.33,94.35
2022-04-26,33.48,40.45,26.14,31.47,1.45,20.88,0.04,94.38
2022-04-27,33.86,39.95,28.72,29.91,1.88,22.35,0.05,94.38
2022-04-28,33.97,41.59,26.14,31.46,1.38,21.41,0.47,94.43
2022-04-29,34.55,41.75,27.39,28.85,2.19,24.77,0.02,94.43
2022-04-30,34.78,42.62,26.39,24.51,1.58,23.96,0.0,94.22
2022-05-01,34.51,42.02,26.51,22.38,2.02,25.53,2.1,94.1
2022-05-02,34.03,41.29,25.87,25.2,2.59,23.72,0.0,94.07
2022-05-03,34.32,41.29,28.42,35.57,2.36,24.02,2.5,94.17
2022-05-04,31.08,36.81,26.88,52.98,2.06,18.43,4.5,94.41
2022-05-05,31.36,38.1,25.21,50.96,2.17,21.23,0.42,94.33
2022-05-06,32.78,40.08,27.05,41.46,2.55,24.47,0.07,94.21
2022-05-07,33.51,41.31,26.87,38.38,3.25,24.62,0.02,94.17
2022-05-08,33.83,39.11,27.99,32.33,2.06,20.14,0.14,94.07
2022-05-09,33.89,41.85,25.97,28.94,2.54,22.13,0.0,93.85
2022-05-10,33.64,40.8,26.45,31.46,3.7,19.2,0.12,93.77
2022-05-11,29.57,33.14,27.12,54.98,3.26,8.55,0.73,93.9
2022-05-12,30.64,36.21,25.65,53.4,2.61,17.31,0.2,93.97
2022-05-13,32.27,39.26,25.93,50.26,3.05,24.07,0.41,93.93
2022-05-14,34.2,41.8,27.48,41.43,3.41,24.85,0.46,93.97
2022-05-15,33.09,40.07,27.46,47.33,3.12,23.56,3.12,94.1
2022-05-16,29.5,34.36,25.61,65.5,2.68,23.11,8.64,94.17
2022-05-17,28.03,31.42,25.32,72.61,1.84,18.63,5.14,94.11
2022-05-18,29.87,36.42,24.11,57.94,2.17,17.66,1.79,94.12
2022-05-19,27.82,31.63,24.61,72.01,2.27,18.52,2.66,94.19
2022-05-20,28.91,33.66,24.54,66.13,1.67,18.99,1.48,94.15
2022-05-21,29.7,36.86,23.45,53.3,4.25,16.75,1.17,94.05
2022-05-22,30.05,37.95,23.01,51.47,5.88,26.44,0.0,93.92
2022-05-23,30.56,38.13,22.64,50.54,4.87,26.94,0.0,93.93
2022-05-24,31.84,39.32,24.57,46.6,3.92,25.48,0.0,94.15
2022-05-25,32.36,38.39,26.28,42.35,3.41,22.16,0.09,94.31
2022-05-26,32.65,39.08,26.94,40.75,3.24,21.35,1.69,94.25
2022-05-27,31.6,38.22,25.43,44.18,4.27,23.86,0.6,94.23
2022-05-28,31.97,39.49,25.03,37.17,4.49,26.54,0.0,94.15
2022-05-29,32.94,40.01,26.1,38.66,4.02,25.81,0.02,94.12
2022-05-30,33.17,39.77,26.94,39.14,3.42,23.99,0.52,94.06
2022-05-31,32.76,39.1,27.24,42.75,3.82,21.13,2.09,94.02
2022-06-01,30.81,36.86,26.06,49.38,4.0,22.4,0.85,94.06
2022-06-02,32.49,40.46,25.17,44.06,4.07,23.78,0.93,93.99
2022-06-03,33.55,40.79,27.01,38.02,4.46,20.68,0.1,93.96
2022-06-04,31.32,37.31,27.4,41.89,4.34,21.66,0.53,94.07
2022-06-05,31.15,37.03,26.51,48.54,3.33,22.36,1.3,94.09
2022-06-06,30.22,35.85,25.74,53.51,3.83,16.43,0.21,94.09
2022-06-07,32.0,39.01,25.45,44.71,4.14,24.18,0.01,94.06
2022-06-08,31.4,37.03,27.25,46.65,4.06,15.54,2.25,94.1
2022-06-09,29.67,34.12,25.21,56.89,4.44,21.25,1.67,94.08
2022-06-10,29.44,33.12,25.53,57.74,2.98,23.01,0.02,94.15
2022-06-11,29.58,35.36,24.84,57.94,3.97,22.87,1.48,94.24
2022-06-12,28.74,32.77,24.33,60.11,2.77,23.28,1.91,94.23
2022-06-13,28.49,33.95,23.86,61.56,2.77,23.17,3.76,94.35
2022-06-14,28.17,32.48,24.48,68.29,1.7,21.78,11.25,94.29
2022-06-15,25.67,28.21,23.3,76.51,3.07,18.57,4.29,94.25
2022-06-16,27.53,32.86,22.64,70.29,2.41,16.61,1.41,94.21
2022-06-17,27.51,31.21,24.27,71.26,1.43,19.78,0.97,94.21
2022-06-18,27.45,31.62,23.44,70.69,2.68,18.99,1.73,94.22
2022-06-19,27.93,33.0,23.72,69.08,2.67,14.16,3.42,94.21
2022-06-20,26.43,29.93,23.33,75.68,2.93,20.05,11.07,94.13
2022-06-21,25.61,29.94,23.1,78.91,3.35,20.37,7.13,93.98
2022-06-22,26.38,31.65,22.92,75.25,3.75,16.53,0.18,94.12
2022-06-23,26.74,30.44,23.31,72.59,2.19,22.26,0.58,94.22
2022-06-24,26.2,30.17,23.26,75.82,2.41,16.39,0.93,94.1
2022-06-25,26.7,32.08,22.59,73.45,3.28,17.1,2.52,93.89
2022-06-26,25.84,30.0,22.68,76.76,3.69,14.62,3.5,93.97
2022-06-27,26.0,30.54,21.77,73.32,4.16,13.94,2.66,94.17
2022-06-28,26.54,31.4,22.6,73.08,4.08,14.69,9.17,94.16
2022-06-29,27.01,32.67,22.78,71.78,3.34,20.04,3.56,94.0
2022-06-30,27.57,34.09,22.46,68.46,3.78,17.35,1.82,93.97
2022-07-01,28.14,34.02,22.62,64.28,3.55,20.41,10.19,93.99
2022-07-02,27.0,31.83,23.24,74.26,3.64,16.44,7.85,93.91
2022-07-03,26.01,30.23,23.03,79.74,3.37,16.98,10.44,93.91
2022-07-04,25.76,30.37,22.45,76.4,4.2,15.12,6.13,93.92
2022-07-05,26.41,31.5,22.51,76.65,4.36,17.7,16.17,93.77
2022-07-06,25.32,29.44,22.38,81.12,4.11,12.61,7.57,93.97
2022-07-07,25.22,29.15,22.7,81.22,4.5,14.72,6.93,94.15
2022-07-08,24.75,27.86,22.58,85.24,4.98,6.25,28.54,94.02
2022-07-09,24.14,26.77,22.35,89.23,4.93,4.1,31.86,93.81
2022-07-10,24.43,28.02,21.61,84.69,6.72,4.74,27.06,93.85
2022-07-11,24.02,27.13,22.03,85.65,6.36,8.6,12.56,93.98
2022-07-12,23.13,25.22,21.57,87.86,7.62,4.64,28.17,93.94
2022-07-13,22.72,24.38,21.43,89.79,9.03,3.84,31.86,93.59
2022-07-14,23.02,26.0,20.8,86.38,8.0,10.89,7.22,93.58
2022-07-15,24.69,29.22,21.42,80.4,6.33,17.4,0.05,93.83
2022-07-16,24.91,28.88,20.87,83.74,4.22,20.6,8.06,93.98
2022-07-17,24.72,27.96,22.07,87.38,4.5,10.36,15.26,94.06
2022-07-18,24.92,29.32,22.18,82.91,4.58,15.25,8.62,94.09
2022-07-19,25.73,30.44,21.79,81.34,3.74,20.9,3.42,94.19
2022-07-20,26.1,30.69,22.08,80.8,3.5,24.1,2.26,94.23
2022-07-21,25.08,29.06,22.58,83.78,3.36,17.81,2.5,94.23
2022-07-22,23.6,25.38,22.51,90.87,3.5,8.22,56.28,94.26
2022-07-23,23.79,26.31,21.83,88.78,3.67,11.76,18.98,94.12
2022-07-24,24.81,29.07,21.63,84.41,3.66,14.75,2.04,94.13
2022-07-25,24.61,28.0,21.72,83.94,2.49,18.93,7.28,94.32
2022-07-26,23.76,26.31,22.04,89.05,2.15,9.37,9.55,94.45
2022-07-27,25.41,29.53,21.4,83.69,1.03,18.5,2.34,94.41
2022-07-28,26.21,30.15,22.57,82.28,1.15,20.29,1.78,94.47
2022-07-29,26.31,30.26,22.69,82.73,1.32,19.3,4.12,94.45
2022-07-30,25.68,28.8,23.42,87.02,1.28,23.47,7.3,94.31
2022-07-31,25.65,28.69,23.28,86.23,1.38,20.66,2.56,94.14
2022-08-01,25.53,29.06,23.02,87.05,1.56,14.81,14.12,94.11
2022-08-02,24.81,27.59,22.75,90.47,2.23,13.49,8.66,94.06
2022-08-03,25.7,29.35,22.31,86.08,1.49,18.74,3.7,94.0
2022-08-04,26.24,30.39,22.54,83.91,0.9,15.07,10.33,93.9
2022-08-05,25.31,29.24,22.53,86.34,2.58,14.44,5.05,93.9
2022-08-06,24.97,29.09,22.17,85.1,3.02,16.21,4.85,93.82
2022-08-07,23.92,27.04,21.9,89.25,4.34,11.39,14.23,93.74
2022-08-08,23.74,27.38,21.5,87.46,5.98,8.05,12.17,93.61
2022-08-09,23.54,26.69,21.42,88.31,6.41,11.28,5.02,93.62
2022-08-10,23.99,28.23,20.8,83.48,6.21,15.16,1.45,93.62
2022-08-11,24.47,29.21,20.83,84.62,4.84,16.12,0.36,93.86
2022-08-12,24.97,29.99,21.03,82.43,4.78,17.23,0.04,94.09
2022-08-13,24.65,29.17,20.82,83.72,4.52,15.11,2.16,94.17
2022-08-14,23.62,27.36,21.04,88.01,4.28,6.27,3.65,94.23
2022-08-15,24.03,28.87,21.07,85.85,4.6,7.82,2.51,94.3
2022-08-16,24.75,29.24,20.97,83.88,3.65,21.5,0.3,94.38
2022-08-17,25.43,30.13,21.18,81.81,3.17,23.1,0.06,94.42
2022-08-18,25.2,29.38,21.44,84.39,2.79,21.08,3.88,94.32
2022-08-19,24.95,29.0,21.91,85.68,3.52,17.4,7.14,94.25
2022-08-20,25.24,29.13,22.46,84.88,4.06,17.51,1.61,94.24
2022-08-21,25.15,29.14,21.91,83.26,4.1,19.56,0.08,94.14
2022-08-22,25.44,30.1,21.69,82.47,4.22,17.09,0.0,94.04
2022-08-23,25.5,29.93,21.78,83.59,2.93,19.57,0.16,94.16
2022-08-24,25.4,28.79,22.23,82.73,2.03,20.57,0.27,94.38
2022-08-25,24.93,28.05,22.28,84.06,1.89,19.65,0.9,94.33
2022-08-26,25.72,29.8,21.52,81.9,1.21,19.61,2.88,94.26
2022-08-27,24.25,26.72,22.32,88.69,2.04,17.46,4.88,94.27
2022-08-28,23.76,26.81,20.85,86.83,1.81,19.36,2.7,94.29
2022-08-29,25.17,29.53,20.87,81.83,1.17,13.51,3.33,94.4
2022-08-30,24.8,28.53,22.0,87.47,1.48,19.24,6.33,94.46
2022-08-31,25.1,29.22,21.87,85.97,1.57,22.52,3.08,94.38
2022-09-01,25.21,29.47,21.85,85.17,1.59,20.49,6.02,94.38
2022-09-02,24.97,29.08,21.77,86.0,1.77,20.61,1.13,94.49
2022-09-03,26.12,30.78,21.88,82.27,0.69,22.79,0.59,94.42
2022-09-04,25.27,28.97,22.45,86.85,1.49,14.57,3.33,94.38
2022-09-05,25.41,30.23,21.77,80.04,1.33,19.24,0.23,94.39
2022-09-06,25.65,30.01,21.17,82.85,1.06,18.15,4.03,94.35
2022-09-07,25.06,27.61,23.14,87.41,0.58,17.84,18.34,94.33
2022-09-08,24.69,28.4,22.2,88.59,0.95,15.14,24.92,94.21
2022-09-09,25.32,29.78,22.89,89.63,1.08,11.0,17.98,94.1
2022-09-10,24.45,27.05,22.82,92.77,2.05,7.68,31.99,94.06
2022-09-11,24.0,27.25,21.83,91.34,3.38,5.21,16.7,93.9
2022-09-12,24.37,28.58,21.34,88.34,4.42,12.74,6.13,93.84
2022-09-13,24.38,28.11,21.93,86.77,4.1,13.13,0.81,94.18
2022-09-14,24.87,29.33,21.19,84.75,3.55,13.85,0.0,94.44
2022-09-15,24.24,27.52,21.46,87.79,3.64,15.59,0.0,94.5
2022-09-16,24.92,28.99,21.53,85.6,4.09,16.28,0.09,94.3
2022-09-17,24.98,29.04,21.89,84.89,2.91,17.74,0.87,94.36
2022-09-18,24.84,29.18,21.26,83.36,2.88,20.91,0.07,94.45
2022-09-19,23.23,25.84,21.58,89.63,2.9,15.7,2.37,94.4
2022-09-20,23.34,27.52,19.66,87.87,3.34,9.68,2.52,94.36
2022-09-21,23.57,27.77,20.55,87.49,2.88,15.33,1.27,94.33
2022-09-22,23.86,27.81,20.91,86.8,2.82,9.68,2.85,94.4
2022-09-23,23.52,28.18,19.6,81.79,2.52,19.86,0.22,94.5
2022-09-24,24.21,28.67,20.06,81.02,2.22,20.83,0.01,94.47
2022-09-25,24.55,29.64,19.96,82.72,1.45,20.51,0.17,94.42
2022-09-26,24.76,28.74,21.68,85.51,1.07,17.6,12.85,94.47
2022-09-27,24.88,28.74,21.9,87.55,1.65,15.97,3.08,94.38
2022-09-28,24.89,28.96,21.91,87.78,1.52,16.15,7.12,94.29
2022-09-29,24.54,27.85,22.19,86.61,1.16,11.98,4.76,94.27
2022-09-30,23.84,27.36,21.67,89.27,1.88,14.6,6.13,94.32
2022-10-01,24.58,28.85,21.49,86.56,2.26,17.86,3.18,94.33
2022-10-02,24.47,28.64,21.3,85.16,3.21,21.12,0.4,94.34
2022-10-03,24.5,28.66,21.05,85.34,3.25,19.8,0.03,94.35
2022-10-04,24.02,26.98,21.82,88.25,2.69,13.35,0.0,94.34
2022-10-05,23.93,26.93,21.79,90.74,1.4,13.93,8.52,94.26
2022-10-06,24.01,27.42,22.07,89.29,2.29,10.84,9.85,94.19
2022-10-07,23.87,26.98,21.79,90.97,3.03,12.45,8.62,94.22
2022-10-08,24.43,28.85,21.0,86.4,1.34,18.34,7.0,94.52
2022-10-09,24.61,28.75,21.72,86.19,1.7,16.76,5.29,94.63
2022-10-10,23.88,26.99,21.64,92.13,2.08,13.38,4.68,94.66
2022-10-11,24.64,28.34,22.13,88.18,2.56,17.18,4.2,94.59
2022-10-12,24.56,28.22,21.73,87.2,1.56,16.66,13.89,94.65
2022-10-13,24.32,28.82,20.98,87.41,1.36,16.47,4.95,94.64
2022-10-14,23.94,27.52,21.79,89.94,1.38,14.12,13.24,94.59
2022-10-15,23.02,25.17,21.57,93.89,2.4,9.58,8.61,94.5
2022-10-16,24.47,28.64,21.47,88.35,2.43,14.72,3.36,94.68
2022-10-17,24.57,29.02,21.7,86.95,1.77,20.49,0.41,94.83
2022-10-18,24.79,28.98,21.13,84.54,1.01,18.37,2.09,94.76
2022-10-19,24.63,28.55,21.49,84.41,0.87,17.56,1.84,94.7
2022-10-20,24.05,28.29,20.85,86.23,1.89,16.97,1.14,94.77
2022-10-21,23.41,28.78,19.21,85.43,1.81,14.55,0.21,94.94
2022-10-22,20.5,26.13,15.8,78.67,2.37,21.79,0.0,95.04
2022-10-23,19.18,25.58,14.23,81.78,2.52,22.07,0.0,94.93
2022-10-24,19.58,26.13,13.7,80.31,2.07,21.3,0.0,94.71
2022-10-25,20.24,26.71,14.22,73.36,1.53,21.8,0.0,94.78
2022-10-26,20.03,26.48,14.77,71.56,1.48,21.7,0.0,94.96
2022-10-27,20.73,27.34,15.48,71.46,1.09,20.93,0.0,94.95
2022-10-28,20.14,26.79,14.46,76.76,1.54,21.33,0.0,94.89
2022-10-29,19.3,26.37,13.93,74.84,2.01,21.68,0.0,94.9
2022-10-30,18.73,25.78,12.73,78.89,2.09,21.4,0.0,94.91
2022-10-31,18.82,25.68,13.08,78.21,1.87,20.65,0.0,94.88
2022-11-01,19.96,25.64,14.55,82.4,1.43,9.36,0.15,94.97
2022-11-02,21.72,26.79,17.74,87.54,2.06,11.14,0.16,94.89
2022-11-03,22.31,27.4,18.26,84.94,1.53,17.6,0.0,94.87
2022-11-04,22.3,27.51,17.99,84.49,1.56,16.06,0.0,94.98
2022-11-05,22.21,27.87,17.72,83.97,1.49,18.24,0.0,95.09
2022-11-06,21.09,27.32,16.72,77.52,1.57,20.11,0.0,95.14
2022-11-07,21.01,27.23,16.75,76.19,1.45,19.59,0.0,95.06
2022-11-08,21.08,27.26,16.97,77.87,1.32,19.42,0.0,95.04
2022-11-09,19.98,26.96,14.91,76.75,1.5,18.83,0.0,95.02
2022-11-10,19.52,26.34,13.74,79.14,1.9,18.35,0.0,95.02
2022-11-11,19.1,26.08,13.68,80.4,2.46,18.18,0.0,95.01
2022-11-12,19.42,26.36,13.9,79.47,2.39,17.02,0.0,95.03
2022-11-13,20.19,26.55,15.15,81.22,2.32,18.3,0.0,94.98
2022-11-14,20.76,27.36,15.82,82.59,1.49,18.22,0.0,95.01
2022-11-15,19.68,26.63,14.47,79.02,1.31,19.31,0.0,95.01
2022-11-16,18.94,26.23,13.78,72.29,1.21,19.65,0.0,94.92
2022-11-17,18.17,25.72,12.01,72.31,1.74,19.5,0.0,94.9
2022-11-18,17.85,25.2,11.8,75.91,1.88,17.22,0.0,94.94
2022-11-19,17.68,25.12,11.62,78.01,1.94,16.69,0.0,94.94
2022-11-20,17.43,24.72,11.58,76.54,1.83,17.87,0.0,94.82
2022-11-21,19.65,26.19,13.95,76.68,1.85,15.02,0.0,94.75
2022-11-22,21.57,26.78,17.23,84.12,1.93,15.26,0.01,94.76
2022-11-23,22.41,27.75,17.76,84.47,1.81,10.98,0.01,94.83
2022-11-24,22.91,27.98,19.25,85.74,1.21,11.35,0.36,94.84
2022-11-25,22.5,28.16,18.09,82.37,1.49,16.09,0.05,94.91
2022-11-26,20.55,27.52,15.49,76.85,1.46,16.97,0.0,94.8
2022-11-27,20.14,28.03,14.34,70.83,1.14,18.16,0.0,94.64
2022-11-28,20.39,27.78,15.27,68.93,1.29,18.41,0.0,94.68
2022-11-29,19.57,27.5,14.14,66.4,1.42,17.92,0.0,94.82
2022-11-30,19.13,26.86,13.29,66.12,1.23,17.31,0.0,94.9
2022-12-01,20.72,28.08,14.38,69.96,0.97,15.61,0.0,94.86
2022-12-02,22.23,28.11,17.08,81.62,1.22,13.03,0.0,94.81
2022-12-03,22.56,28.3,18.49,83.35,1.52,12.7,0.0,94.85
2022-12-04,22.42,28.65,18.25,79.68,1.41,13.76,0.0,94.92
2022-12-05,20.98,28.44,15.98,72.18,1.61,15.03,0.0,94.99
2022-12-06,19.93,27.74,14.29,70.02,1.63,17.23,0.0,94.94
2022-12-07,19.46,26.69,12.86,75.0,2.23,13.9,0.0,94.88
2022-12-08,18.72,26.26,14.14,66.3,2.48,16.62,0.0,94.79
2022-12-09,18.44,26.91,11.44,68.97,2.62,13.82,0.01,94.68
2022-12-10,20.1,25.22,15.86,78.11,2.84,9.77,0.82,94.65
2022-12-11,21.93,28.04,17.37,84.06,3.09,6.21,1.6,94.7
2022-12-12,22.62,28.33,18.59,82.51,2.49,10.2,0.72,94.74
2022-12-13,23.0,28.46,19.11,82.45,2.32,12.29,0.52,94.87
2022-12-14,23.71,29.65,19.23,79.11,1.56,16.78,0.15,94.93
2022-12-15,24.03,30.65,18.94,73.55,1.3,15.36,0.0,94.82
2022-12-16,24.04,30.85,19.49,71.15,1.03,15.05,0.0,94.77
2022-12-17,23.71,30.12,18.77,71.08,1.54,14.22,0.0,94.85
2022-12-18,21.73,29.08,16.38,66.52,2.15,18.43,0.0,94.85
2022-12-19,20.56,29.15,14.26,61.76,1.35,17.83,0.0,94.77
2022-12-20,21.27,29.99,16.0,60.33,1.39,17.77,0.0,94.73
2022-12-21,21.35,30.07,15.71,61.79,1.49,17.51,0.0,94.77
2022-12-22,21.43,30.01,15.09,64.67,1.69,17.42,0.0,94.77
2022-12-23,21.59,30.76,15.26,62.96,1.57,18.44,0.0,94.74
2022-12-24,20.83,30.2,14.36,59.65,1.99,17.98,0.0,94.84
2022-12-25,21.6,30.06,14.49,67.21,2.14,18.6,0.0,94.91
2022-12-26,23.58,30.54,18.33,76.13,2.44,11.46,0.0,95.02
2022-12-27,24.05,30.85,19.18,73.72,1.64,15.78,0.0,95.09
2022-12-28,24.06,31.59,18.51,68.94,1.34,16.03,0.0,95.15
2022-12-29,22.9,30.69,16.46,63.67,1.34,15.72,0.0,95.27
2022-12-30,23.05,30.71,16.58,62.86,0.98,15.4,0.0,95.31
2022-12-31,23.03,30.81,17.42,57.91,1.05,15.11,0.0,95.2
2023-01-01,22.52,30.42,16.85,64.5,0.79,13.91,0.0,95.16
2023-01-02,22.41,29.73,16.02,70.35,1.64,13.9,0.0,95.17
2023-01-03,22.2,28.86,16.5,69.93,1.7,14.03,0.0,95.19
2023-01-04,22.13,28.48,17.34,69.83,2.55,14.92,0.0,95.11
2023-01-05,22.15,28.27,17.52,72.47,2.5,12.17,0.0,95.23
2023-01-06,21.01,26.04,17.21,76.34,2.13,7.49,0.0,95.4
2023-01-07,20.45,27.75,14.8,61.01,2.37,16.63,0.0,95.3
2023-01-08,18.11,27.78,11.43,40.4,2.12,19.93,0.0,95.19
2023-01-09,18.16,29.07,8.94,39.33,1.72,19.46,0.0,95.26
2023-01-10,20.2,30.01,13.59,39.79,1.5,19.51,0.0,95.2
2023-01-11,21.2,30.53,15.83,37.94,1.05,18.72,0.0,94.99
2023-01-12,21.89,30.81,12.72,43.24,1.33,17.14,0.0,94.83
2023-01-13,21.89,30.79,13.78,48.94,1.02,16.97,0.0,94.86
2023-01-14,21.3,30.72,13.3,60.16,1.2,17.65,0.0,94.88
2023-01-15,21.67,31.5,13.81,55.25,1.48,17.45,0.0,94.8
2023-01-16,21.73,31.77,13.42,53.62,1.66,18.09,0.0,94.84
2023-01-17,21.65,31.94,13.42,55.24,1.85,18.26,0.0,94.92
2023-01-18,21.45,31.24,13.08,58.25,1.61,18.36,0.0,95.05
2023-01-19,21.67,30.7,13.8,57.86,2.18,17.78,0.0,95.07
2023-01-20,21.66,29.98,14.82,61.18,2.31,17.25,0.0,95.04
2023-01-21,21.89,29.85,15.77,61.37,1.99,17.6,0.0,95.01
2023-01-22,22.13,30.62,14.8,57.55,2.14,17.58,0.0,94.91
2023-01-23,22.69,30.77,16.69,62.95,2.92,18.26,0.0,94.85
2023-01-24,23.12,31.72,16.81,57.62,3.45,19.23,0.0,94.85
2023-01-25,22.65,31.51,16.17,53.36,3.4,19.01,0.0,94.84
2023-01-26,21.88,31.62,14.02,50.68,2.7,19.74,0.0,94.89
2023-01-27,22.19,31.41,13.96,52.17,2.37,20.0,0.0,94.93
2023-01-28,23.31,32.13,16.78,43.27,1.73,19.5,0.0,94.84
2023-01-29,23.2,31.73,15.49,50.48,3.22,17.98,0.0,94.75
2023-01-30,23.6,30.79,17.86,58.57,2.83,15.44,0.0,94.93
2023-01-31,23.67,30.94,17.36,55.23,2.13,16.17,0.0,94.89
2023-02-01,23.06,30.5,17.22,46.43,2.95,16.01,0.0,94.93
2023-02-02,22.23,30.58,15.81,40.07,2.9,20.23,0.0,94.99
2023-02-03,22.33,31.89,13.54,28.54,2.04,21.28,0.0,94.97
2023-02-04,23.53,33.22,15.29,28.38,1.63,21.58,0.0,94.85
2023-02-05,23.49,33.59,14.81,27.41,1.52,21.39,0.0,94.79
2023-02-06,24.39,34.04,15.46,37.39,1.17,19.94,0.0,94.76
2023-02-07,25.26,33.77,16.84,45.08,1.11,16.52,0.0,94.7
2023-02-08,25.62,35.03,18.37,41.02,1.95,19.28,0.0,94.8
2023-02-09,24.69,35.26,15.84,23.03,1.88,22.01,0.0,94.87
2023-02-10,25.01,35.0,18.08,22.53,1.82,22.76,0.0,94.94
2023-02-11,25.64,36.03,17.51,20.82,1.75,22.87,0.0,94.96
2023-02-12,25.66,35.62,17.45,19.62,2.29,22.92,0.0,95.02
2023-02-13,23.92,34.19,15.86,20.58,3.01,23.92,0.0,95.11
2023-02-14,23.66,34.73,14.47,14.84,2.55,24.19,0.0,95.03
2023-02-15,24.23,34.93,15.35,15.42,2.48,23.94,0.0,94.89
2023-02-16,25.38,35.75,16.73,17.49,2.54,23.98,0.0,94.9
2023-02-17,25.23,35.42,15.65,20.34,2.33,23.25,0.0,94.93
2023-02-18,25.78,34.99,19.15,24.79,1.78,21.89,0.0,94.91
2023-02-19,25.28,35.11,16.15,43.14,2.06,20.84,0.0,94.95
2023-02-20,26.23,35.59,18.85,31.3,1.62,21.79,0.0,94.92
2023-02-21,26.87,37.19,19.39,20.12,1.64,23.42,0.0,94.92
2023-02-22,26.9,37.21,18.82,22.99,1.62,22.88,0.0,94.86
2023-02-23,26.36,36.42,17.79,26.66,1.57,22.66,0.0,94.85
2023-02-24,26.38,36.64,18.88,26.73,2.07,23.34,0.0,94.96
2023-02-25,26.34,36.51,18.13,17.54,2.03,23.86,0.0,95.1
2023-02-26,26.47,36.42,17.82,24.07,2.07,23.54,0.0,95.15
2023-02-27,25.95,35.42,16.87,34.88,2.4,22.73,0.0,95.17
2023-02-28,26.21,35.25,17.86,33.42,2.73,21.53,0.0,95.19
2023-03-01,26.09,34.88,17.83,32.63,2.69,20.14,0.0,95.23
2023-03-02,26.12,34.96,17.62,32.72,2.2,20.32,0.0,95.28
2023-03-03,27.37,35.47,21.54,27.37,2.11,20.11,0.0,95.29
2023-03-04,27.18,35.95,18.77,30.22,2.11,20.87,0.0,95.29
2023-03-05,27.15,36.21,18.63,28.17,1.88,21.88,0.0,95.22
2023-03-06,27.32,36.15,19.58,27.43,1.93,20.58,0.0,95.06
2023-03-07,26.58,34.99,19.53,26.95,1.91,19.92,0.01,95.07
2023-03-08,26.99,35.26,18.51,25.02,2.2,21.46,0.0,95.06
2023-03-09,26.52,33.48,20.28,36.01,2.41,21.34,0.0,95.01
2023-03-10,27.44,35.65,19.58,32.14,1.86,20.83,0.0,94.94
2023-03-11,27.18,34.9,19.1,38.24,2.71,20.6,0.0,94.95
2023-03-12,27.09,35.59,18.76,35.72,2.51,21.87,0.0,94.95
2023-03-13,27.26,35.61,19.19,28.4,2.02,20.09,0.0,94.83
2023-03-14,28.31,36.39,21.21,22.49,1.69,19.71,0.0,94.66
2023-03-15,27.77,35.87,18.81,30.98,2.24,17.45,0.0,94.57
2023-03-16,26.88,32.41,21.48,44.12,1.97,10.23,3.13,94.71
2023-03-17,23.68,27.6,20.29,69.61,2.21,16.23,20.44,94.79
2023-03-18,24.5,30.62,18.88,71.12,1.79,16.5,16.82,94.64
2023-03-19,25.08,31.02,20.06,67.04,1.25,21.2,2.98,94.47
2023-03-20,25.14,33.17,18.26,56.87,1.37,23.39,0.0,94.38
2023-03-21,25.34,32.45,16.56,44.64,1.79,24.25,0.0,94.47
2023-03-22,26.78,33.86,19.41,45.34,1.35,23.12,0.0,94.51
2023-03-23,27.67,34.46,20.87,44.64,1.7,22.83,0.01,94.5
2023-03-24,28.07,35.41,20.44,51.52,1.19,21.5,0.05,94.53
2023-03-25,28.49,34.9,22.35,55.02,1.93,18.75,0.25,94.65
2023-03-26,28.8,34.63,22.13,53.02,1.42,20.7,0.25,94.59
2023-03-27,28.67,36.29,21.83,43.88,1.82,23.36,0.04,94.58
2023-03-28,29.33,37.03,21.75,40.82,1.0,22.96,0.0,94.55
2023-03-29,30.0,37.56,22.01,48.63,2.25,23.28,0.0,94.59
2023-03-30,29.7,37.75,21.52,35.2,1.73,25.51,0.0,94.51
2023-03-31,28.18,36.12,19.54,36.85,2.13,22.43,0.0,94.49
2023-04-01,28.6,36.18,20.98,35.23,1.69,24.37,0.01,94.52
2023-04-02,28.49,36.64,20.48,37.06,1.84,24.22,0.0,94.48
2023-04-03,29.71,37.43,21.01,48.15,1.75,21.46,0.0,94.43
2023-04-04,31.04,38.3,24.01,40.47,2.2,23.32,0.0,94.52
2023-04-05,31.01,38.81,23.93,36.05,1.55,22.86,0.19,94.52
2023-04-06,29.91,36.77,23.72,48.81,1.62,19.24,6.14,94.63
2023-04-07,29.07,35.77,22.79,49.87,2.35,18.52,0.41,94.86
2023-04-08,29.59,36.68,22.81,45.23,2.2,24.74,0.04,94.98
2023-04-09,29.56,37.46,22.19,37.12,2.21,26.22,0.01,94.98
2023-04-10,29.88,38.58,21.22,31.88,1.73,26.28,0.0,94.84
2023-04-11,30.69,39.09,22.35,30.19,2.14,25.37,0.0,94.82
2023-04-12,32.18,40.43,23.6,26.72,1.9,22.34,0.0,94.73
2023-04-13,32.25,38.59,24.62,30.59,1.65,19.01,4.28,94.7
2023-04-14,30.86,35.29,25.78,45.1,0.73,16.75,3.07,94.73
2023-04-15,29.61,36.0,22.65,44.43,2.02,20.43,0.38,94.72
2023-04-16,31.41,38.33,23.73,36.97,1.66,22.54,2.69,94.54
2023-04-17,31.37,38.35,26.0,39.39,1.29,20.59,0.25,94.55
2023-04-18,31.54,39.5,23.65,31.58,1.83,22.53,0.12,94.66
2023-04-19,32.29,40.8,24.13,26.58,1.46,22.66,0.0,94.43
2023-04-20,32.46,40.32,25.09,24.42,1.36,22.48,0.31,94.21
2023-04-21,32.2,39.15,25.74,30.37,1.52,23.34,0.38,94.22
2023-04-22,31.88,38.22,25.44,36.49,2.43,22.23,0.8,94.22
2023-04-23,31.07,38.81,22.51,29.15,1.65,23.4,0.02,94.23
2023-04-24,30.71,37.92,23.82,49.13,3.87,22.63,0.19,94.43
2023-04-25,30.12,36.41,24.46,51.82,4.03,24.07,7.55,94.54
2023-04-26,28.22,35.36,22.73,53.5,2.05,24.39,13.31,94.55
2023-04-27,27.81,35.06,21.8,57.1,2.25,23.19,13.09,94.55
2023-04-28,27.06,32.27,22.92,68.1,1.22,19.92,31.72,94.67
2023-04-29,27.42,32.93,21.98,64.45,1.47,21.41,0.63,94.58
2023-04-30,26.25,30.63,22.28,72.35,2.74,19.33,28.58,94.43
2023-05-01,26.62,32.23,21.74,73.0,1.74,18.4,6.28,94.42
2023-05-02,26.02,31.18,21.94,73.58,3.11,18.94,6.3,94.53
2023-05-03,26.64,32.86,20.36,65.7,1.53,18.26,0.77,94.6
2023-05-04,27.2,33.06,22.28,69.33,2.01,22.04,2.92,94.53
2023-05-05,26.79,30.47,23.15,68.81,1.4,18.15,1.91,94.45
2023-05-06,27.98,33.84,22.59,64.85,1.58,21.15,10.21,94.39
2023-05-07,28.97,34.18,23.58,63.79,1.38,21.81,6.02,94.38
2023-05-08,29.71,35.32,24.37,61.58,1.23,22.8,2.34,94.34
2023-05-09,29.89,36.03,24.22,63.38,1.71,22.46,3.29,94.39
2023-05-10,30.84,37.94,24.44,57.28,2.15,21.49,0.1,94.34
2023-05-11,30.98,38.71,24.8,50.54,2.14,21.27,0.0,94.4
2023-05-12,31.6,39.56,25.95,37.41,1.94,23.99,0.0,94.37
2023-05-13,31.38,39.81,22.21,38.41,2.65,24.7,0.0,94.32
2023-05-14,31.28,40.0,22.18,39.8,3.84,27.44,0.0,94.22
2023-05-15,31.16,39.22,23.58,43.11,4.0,27.07,0.0,94.33
2023-05-16,30.58,38.62,23.22,43.87,3.32,27.71,0.0,94.5
2023-05-17,30.79,38.59,22.37,40.38,2.42,27.54,0.0,94.58
2023-05-18,32.68,39.17,25.36,35.98,1.51,24.91,0.0,94.64
2023-05-19,32.74,38.52,27.07,38.74,1.61,24.01,0.05,94.5
2023-05-20,31.89,38.99,25.71,48.38,1.73,23.61,0.06,94.45
2023-05-21,32.36,39.64,25.96,46.45,1.97,23.31,0.53,94.5
2023-05-22,30.42,36.39,25.24,56.99,1.64,22.43,9.27,94.65
2023-05-23,31.33,38.25,24.29,51.17,1.7,23.22,0.0,94.65
2023-05-24,31.75,39.25,25.14,47.81,2.09,23.39,1.18,94.55
2023-05-25,31.47,38.37,25.26,46.61,2.96,20.27,0.07,94.53
2023-05-26,31.47,38.49,24.65,45.05,3.45,26.02,0.0,94.58
2023-05-27,31.53,38.6,24.34,42.61,2.68,24.05,0.0,94.44
2023-05-28,32.43,39.11,25.06,41.38,2.66,24.1,0.05,94.38
2023-05-29,32.6,38.37,27.27,44.84,1.48,22.37,0.66,94.42
2023-05-30,29.83,34.24,25.92,57.7,1.74,17.32,0.63,94.55
2023-05-31,31.53,38.06,25.38,50.1,2.12,22.93,0.43,94.42
2023-06-01,32.79,39.64,25.96,44.79,1.9,24.05,0.04,94.32
2023-06-02,32.99,40.0,27.06,38.06,3.25,27.23,0.33,94.31
2023-06-03,33.34,40.34,25.89,35.52,2.86,25.25,0.6,94.29
2023-06-04,32.06,37.6,27.52,45.7,3.39,17.35,3.69,94.3
2023-06-05,31.43,37.6,25.11,46.17,3.03,24.81,0.0,94.25
2023-06-06,32.74,38.89,26.61,40.9,2.96,24.29,0.03,94.17
2023-06-07,33.19,39.5,28.21,41.73,3.43,22.15,1.82,94.12
2023-06-08,32.99,39.32,27.35,43.39,3.94,24.1,0.21,94.19
2023-06-09,33.5,39.9,27.69,40.84,4.33,24.35,0.09,94.07
2023-06-10,30.38,36.67,25.24,53.38,5.76,24.02,2.64,94.12
2023-06-11,31.33,38.15,24.95,49.1,3.96,22.34,0.27,94.08
2023-06-12,32.56,39.3,25.22,42.81,4.31,26.86,0.32,94.07
2023-06-13,32.75,39.56,25.53,42.92,4.95,27.29,0.0,94.12
2023-06-14,32.51,38.22,25.56,43.5,5.05,26.95,0.01,94.24
2023-06-15,33.0,39.61,25.91,39.48,4.87,27.16,0.0,94.28
2023-06-16,33.65,40.29,26.35,38.02,4.91,27.04,0.0,94.2
2023-06-17,32.58,39.2,27.0,44.43,4.93,24.9,0.0,94.21
2023-06-18,30.71,35.69,26.5,46.55,3.32,24.57,0.02,94.23
2023-06-19,31.73,36.01,27.78,40.84,2.52,20.66,0.0,94.15
2023-06-20,32.74,37.45,27.97,39.69,2.91,21.49,0.0,94.05
2023-06-21,27.92,30.9,24.51,65.13,3.11,20.25,4.79,94.17
2023-06-22,25.81,29.04,24.25,75.73,4.18,14.54,2.22,94.19
2023-06-23,27.52,32.13,23.52,66.1,2.88,11.96,2.52,94.2
2023-06-24,25.75,29.24,23.49,79.39,3.36,11.95,23.82,94.15
2023-06-25,26.31,31.4,22.98,69.51,4.52,16.37,2.26,94.12
2023-06-26,25.97,31.39,22.55,70.23,5.45,13.86,1.73,94.19
2023-06-27,26.01,30.69,21.99,65.55,5.27,15.59,0.89,94.21
2023-06-28,26.23,32.88,21.45,65.24,4.62,18.27,4.01,94.33
2023-06-29,28.16,35.58,21.85,59.65,5.03,18.94,0.31,94.3
2023-06-30,27.79,33.43,22.18,59.64,5.45,23.12,0.01,94.29
2023-07-01,28.32,34.45,23.45,59.6,5.18,23.54,0.13,94.35
2023-07-02,27.68,33.06,23.3,69.07,4.1,21.29,7.87,94.26
2023-07-03,27.18,31.06,23.53,73.6,3.57,21.63,0.79,94.14
2023-07-04,26.52,29.91,24.13,80.9,2.82,20.07,13.05,93.92
2023-07-05,26.37,31.53,22.9,77.49,3.97,15.98,3.6,93.76
2023-07-06,26.34,32.75,21.91,71.58,5.97,14.77,1.29,93.97
2023-07-07,26.54,31.73,21.55,67.09,6.05,17.53,0.99,94.18
2023-07-08,26.87,33.14,22.13,69.3,5.01,16.95,2.36,94.3
2023-07-09,27.31,32.91,22.39,69.13,3.92,19.17,2.29,94.33
2023-07-10,28.04,34.26,22.68,67.02,3.9,21.38,1.95,94.3
2023-07-11,26.45,30.72,23.01,71.27,4.03,9.5,5.83,94.28
2023-07-12,25.24,29.56,22.13,74.54,4.21,13.11,9.04,94.23
2023-07-13,25.98,31.04,21.96,73.86,3.51,18.68,10.98,94.22
2023-07-14,27.23,33.15,22.25,70.81,3.31,20.78,1.69,94.29
2023-07-15,27.36,33.25,22.65,71.11,4.1,14.34,3.48,94.3
2023-07-16,26.05,30.83,22.66,74.59,4.64,13.17,2.59,94.26
2023-07-17,25.49,30.25,22.6,75.94,5.07,11.44,10.74,94.19
2023-07-18,24.1,26.19,22.65,87.5,6.16,6.17,26.34,94.02
2023-07-19,24.04,26.03,22.39,89.23,6.37,4.06,35.57,93.83
2023-07-20,22.87,24.31,21.5,90.83,6.52,4.56,46.56,93.86
2023-07-21,24.02,28.36,21.31,83.87,6.54,8.09,15.46,93.96
2023-07-22,24.99,30.0,20.54,82.09,5.7,11.99,6.92,94.03
2023-07-23,25.42,30.51,21.55,81.74,5.0,11.98,2.1,94.12
2023-07-24,25.4,29.44,22.28,84.55,4.87,12.97,23.09,94.07
2023-07-25,24.48,27.02,22.21,88.05,5.37,6.69,19.49,94.15
2023-07-26,24.44,26.86,22.14,89.39,5.54,4.84,35.48,94.15
2023-07-27,23.98,25.81,22.61,91.82,7.24,5.41,33.88,94.1
2023-07-28,24.58,27.88,22.07,86.06,5.96,11.86,0.67,94.21
2023-07-29,25.71,30.42,21.95,82.32,4.87,15.35,0.06,94.27
2023-07-30,25.13,29.29,22.27,85.09,4.31,16.38,3.63,94.27
2023-07-31,24.91,28.22,22.31,88.58,4.28,16.93,18.97,94.18
2023-08-01,25.17,28.72,22.54,85.6,4.85,15.84,0.71,94.19
2023-08-02,25.29,29.76,21.84,83.07,5.1,12.67,0.38,94.24
2023-08-03,25.42,30.13,21.7,80.8,5.14,10.87,0.02,94.22
2023-08-04,25.74,30.65,21.58,80.72,4.22,19.22,0.09,94.4
2023-08-05,25.5,30.46,21.73,81.48,4.22,21.13,0.84,94.57
2023-08-06,25.62,30.0,21.72,80.89,4.08,19.58,0.35,94.44
2023-08-07,25.54,30.17,21.87,80.18,4.1,16.95,0.01,94.28
2023-08-08,25.31,29.99,21.63,80.62,3.66,15.81,0.21,94.38
2023-08-09,25.38,29.79,21.38,81.07,2.85,17.23,0.28,94.58
2023-08-10,25.92,29.6,22.2,79.01,2.26,19.78,0.04,94.6
2023-08-11,25.82,29.38,22.41,79.61,2.13,20.66,0.02,94.53
2023-08-12,25.5,29.0,22.31,80.91,2.26,14.3,2.12,94.49
2023-08-13,25.38,29.88,21.72,81.27,2.63,19.58,0.76,94.43
2023-08-14,25.02,28.64,21.48,81.39,2.16,16.99,1.34,94.49
2023-08-15,25.41,29.97,22.07,79.69,2.73,18.9,0.63,94.5
2023-08-16,25.02,28.79,20.95,78.22,2.41,17.24,0.02,94.54
2023-08-17,24.11,25.86,22.55,86.07,2.82,15.91,0.0,94.46
2023-08-18,24.02,26.95,22.16,86.44,3.8,9.49,4.84,94.31
2023-08-19,23.59,26.84,21.86,86.73,4.02,5.78,5.74,94.23
2023-08-20,25.27,30.14,21.5,82.08,2.98,16.01,0.68,94.21
2023-08-21,26.13,30.64,21.45,74.04,2.36,19.88,0.6,94.3
2023-08-22,25.96,30.35,22.18,78.51,2.13,16.66,0.09,94.33
2023-08-23,25.48,29.64,22.22,79.85,2.27,19.81,0.09,94.38
2023-08-24,25.74,29.74,22.14,78.35,2.58,18.59,0.0,94.31
2023-08-25,25.87,30.68,21.56,78.7,2.91,19.19,1.94,94.34
2023-08-26,25.33,29.38,22.46,83.24,2.93,19.52,1.76,94.46
2023-08-27,26.16,31.04,21.77,79.85,3.17,22.24,3.39,94.49
2023-08-28,25.73,30.55,21.7,80.11,3.09,19.67,1.24,94.44
2023-08-29,25.5,30.54,21.52,80.06,2.47,18.21,0.25,94.42
2023-08-30,25.61,30.5,21.53,78.35,2.0,22.23,0.02,94.49
2023-08-31,25.23,30.18,20.87,80.4,2.0,20.83,0.0,94.49
2023-09-01,26.34,31.38,21.41,79.18,1.38,17.98,0.0,94.47
2023-09-02,25.89,28.41,23.41,81.64,0.61,15.24,5.04,94.42
2023-09-03,25.28,29.49,22.87,87.94,1.39,8.48,20.36,94.26
2023-09-04,24.39,26.64,22.97,92.18,2.44,4.74,35.64,94.11
2023-09-05,24.24,26.91,22.63,91.41,3.49,5.56,36.2,94.04
2023-09-06,23.8,26.0,22.04,91.35,2.84,9.88,22.96,94.1
2023-09-07,23.17,25.9,21.71,88.22,4.75,12.56,3.91,94.12
2023-09-08,24.02,27.14,20.91,86.08,4.63,11.87,1.55,94.18
2023-09-09,25.2,29.92,21.5,87.24,3.53,11.61,5.47,94.14
2023-09-10,25.24,29.27,22.46,87.69,3.43,9.68,12.98,94.17
2023-09-11,25.58,29.81,22.31,83.61,3.05,17.77,3.07,94.23
2023-09-12,25.44,28.96,22.72,84.74,2.58,14.58,1.27,94.29
2023-09-13,24.7,28.04,22.6,83.78,2.58,18.16,0.5,94.3
2023-09-14,24.45,28.38,22.08,84.75,3.0,13.34,2.11,94.3
2023-09-15,24.52,29.29,21.05,82.66,2.8,18.06,1.58,94.27
2023-09-16,24.91,29.88,20.99,82.95,3.11,19.42,0.95,94.32
2023-09-17,25.45,30.68,20.84,81.23,2.64,21.86,0.03,94.3
2023-09-18,25.71,30.52,21.18,80.96,2.55,21.86,0.16,94.32
2023-09-19,25.8,29.9,21.47,80.5,2.49,21.18,1.1,94.43
2023-09-20,25.12,28.68,22.4,85.87,2.28,19.62,3.35,94.49
2023-09-21,24.62,28.03,22.32,90.12,1.95,11.13,13.81,94.47
2023-09-22,24.48,27.93,21.73,86.8,1.98,10.16,4.43,94.49
2023-09-23,25.28,28.88,21.53,84.02,1.47,15.88,1.73,94.49
2023-09-24,24.72,27.59,22.39,90.8,1.84,13.9,2.23,94.38
2023-09-25,24.48,28.18,22.41,89.37,2.44,14.15,9.55,94.36
2023-09-26,24.64,28.27,21.74,88.54,0.96,13.25,3.25,94.35
2023-09-27,25.62,28.84,22.54,85.2,0.41,17.49,3.99,94.36
2023-09-28,25.66,29.69,22.05,85.36,1.08,17.29,21.3,94.34
2023-09-29,25.5,28.32,22.2,83.96,1.05,15.39,14.01,94.36
2023-09-30,24.77,28.32,22.25,86.6,1.93,17.87,2.9,94.39
2023-10-01,25.28,29.75,21.26,84.88,1.89,17.15,4.24,94.29
2023-10-02,24.77,28.79,21.94,86.37,2.61,13.17,0.66,94.32
2023-10-03,24.74,29.61,21.55,82.07,2.97,18.37,0.08,94.5
2023-10-04,24.73,29.89,20.95,79.02,2.11,21.14,0.07,94.61
2023-10-05,23.64,29.25,19.27,75.58,1.89,22.8,0.0,94.62
2023-10-06,23.48,29.13,18.62,78.21,2.04,23.19,0.0,94.57
2023-10-07,24.15,29.51,19.54,79.2,1.88,22.33,0.0,94.63
2023-10-08,24.45,29.91,19.02,78.75,1.53,21.87,0.0,94.75
2023-10-09,24.95,29.53,20.87,77.74,1.4,21.1,0.0,94.86
2023-10-10,25.0,29.93,20.81,79.53,1.63,20.27,0.0,94.85
2023-10-11,24.16,29.52,19.74,80.37,1.83,20.61,0.0,94.84
2023-10-12,23.92,30.03,18.98,78.39,1.74,21.49,0.0,94.95
2023-10-13,23.93,29.74,19.39,76.06,1.64,20.3,0.0,95.05
2023-10-14,24.22,29.74,20.18,75.67,1.4,20.03,0.0,95.0
2023-10-15,24.06,29.8,19.36,76.0,1.47,18.68,0.0,94.84
2023-10-16,23.83,29.38,19.35,77.42,1.54,17.84,0.0,94.86
2023-10-17,23.66,29.74,18.99,79.69,1.59,19.75,0.0,94.95
2023-10-18,23.3,29.68,18.32,74.23,1.51,20.65,0.0,95.02
2023-10-19,23.7,29.79,18.84,78.04,1.57,19.9,0.01,95.01
2023-10-20,23.61,29.87,18.53,80.39,1.83,18.96,0.0,95.02
2023-10-21,23.24,29.66,18.21,80.94,1.92,19.44,0.0,95.06
2023-10-22,21.88,28.67,16.56,76.6,2.4,21.36,0.0,95.08
2023-10-23,21.68,28.43,16.19,74.5,2.29,21.09,0.0,94.96
2023-10-24,21.28,28.38,16.11,73.73,2.11,22.13,0.0,94.94
2023-10-25,20.65,28.28,14.67,69.91,2.15,21.95,0.0,95.07
2023-10-26,20.52,27.91,15.18,68.67,2.08,21.59,0.0,95.09
2023-10-27,20.3,27.9,14.78,64.08,1.96,21.75,0.0,95.0
2023-10-28,20.94,29.19,13.87,64.8,1.65,18.86,0.0,94.96
2023-10-29,22.0,30.05,15.38,66.5,1.6,15.11,0.0,94.92
2023-10-30,22.39,29.56,16.64,74.03,1.52,14.56,0.0,94.9
2023-10-31,22.1,28.69,16.63,76.73,1.67,14.82,0.0,94.97
2023-11-01,22.53,28.66,17.29,76.06,1.58,13.8,0.0,95.02
2023-11-02,23.45,30.12,17.87,73.16,1.42,13.53,0.0,94.92
2023-11-03,24.32,30.41,18.91,77.12,1.31,13.03,0.0,94.78
2023-11-04,24.03,29.26,20.38,78.4,1.91,13.88,0.78,94.77
2023-11-05,22.99,27.71,19.41,79.16,1.49,13.72,0.19,94.92
2023-11-06,23.5,28.11,20.18,82.09,1.96,11.38,0.17,95.01
2023-11-07,23.6,28.17,20.3,84.18,2.01,10.71,3.51,95.0
2023-11-08,24.11,29.32,20.29,82.23,1.62,11.63,2.13,94.96
2023-11-09,23.16,27.17,20.45,85.13,1.57,14.03,3.52,95.02
2023-11-10,23.72,29.33,19.64,77.81,1.59,18.16,0.01,95.12
2023-11-11,23.01,30.19,18.14,65.46,1.64,18.18,0.0,95.18
2023-11-12,22.66,30.15,16.83,64.52,1.96,17.88,0.0,95.18
2023-11-13,22.94,29.96,16.64,70.11,1.67,16.29,0.0,95.13
2023-11-14,22.83,29.14,18.09,69.71,1.84,13.22,0.0,95.06
2023-11-15,22.15,29.54,16.17,66.62,1.81,15.99,0.0,94.99
2023-11-16,21.56,29.32,15.55,66.35,2.2,17.31,0.0,95.01
2023-11-17,22.45,30.74,15.64,68.7,2.08,18.49,0.0,95.01
2023-11-18,23.31,31.43,16.25,63.97,1.76,17.93,0.0,95.0
2023-11-19,23.36,30.91,17.21,67.33,2.11,16.43,0.0,95.0
2023-11-20,22.85,30.16,16.9,68.82,2.07,15.0,0.0,95.05
2023-11-21,23.48,30.5,17.45,71.75,1.93,13.48,0.0,94.99
2023-11-22,23.88,30.48,18.76,75.51,1.74,14.76,0.06,94.9
2023-11-23,24.13,30.99,19.7,78.66,2.0,7.68,2.24,94.78
2023-11-24,23.52,28.83,20.38,80.74,2.45,7.0,2.38,94.87
2023-11-25,23.73,29.83,19.61,76.1,2.39,13.32,0.27,95.02
2023-11-26,23.64,29.44,19.18,75.44,2.34,10.61,0.18,95.07
2023-11-27,23.99,30.31,19.81,72.66,2.77,11.38,0.03,94.94
2023-11-28,24.18,31.19,20.03,73.0,2.67,15.12,12.8,94.81
2023-11-29,23.4,29.85,19.21,73.06,2.98,16.74,3.66,94.88
2023-11-30,23.66,29.84,20.26,69.14,2.71,14.88,0.06,94.94
2023-12-01,23.31,29.67,19.49,69.86,2.1,17.62,0.01,94.91
2023-12-02,22.82,30.62,16.48,61.38,2.52,17.56,0.0,94.84
2023-12-03,23.69,31.16,17.89,72.9,3.07,15.14,0.01,94.87
2023-12-04,23.17,28.42,19.33,73.47,3.38,6.93,0.45,94.74
2023-12-05,21.17,25.2,18.79,82.75,4.87,7.1,1.85,94.51
2023-12-06,20.73,25.8,17.54,82.06,3.69,8.21,0.85,94.56
2023-12-07,22.2,30.21,16.62,70.61,1.93,7.6,0.01,94.8
2023-12-08,21.81,28.91,16.35,71.44,1.71,16.37,0.0,94.9
2023-12-09,21.24,28.99,15.48,65.89,1.93,18.3,0.0,95.03
2023-12-10,20.45,28.91,14.11,62.57,1.93,18.51,0.0,94.96
2023-12-11,20.42,29.35,13.45,60.18,1.63,18.04,0.0,94.97
2023-12-12,20.52,29.08,13.72,64.65,1.73,18.01,0.0,94.88
2023-12-13,20.49,28.48,14.09,67.6,1.98,15.68,0.0,94.97
2023-12-14,19.94,27.85,13.7,67.77,1.92,16.98,0.0,95.1
2023-12-15,19.9,28.03,13.41,67.34,1.79,16.72,0.0,95.14
2023-12-16,20.5,27.96,14.16,67.41,1.65,10.67,0.0,95.05
2023-12-17,20.63,28.32,14.64,59.72,2.18,13.2,0.0,95.04
2023-12-18,19.97,26.48,14.57,57.51,2.44,12.94,0.0,95.17
2023-12-19,18.72,25.61,15.1,57.02,2.72,12.82,0.0,95.23
2023-12-20,18.24,25.97,13.18,51.75,2.07,16.08,0.0,95.2
2023-12-21,18.46,28.03,10.88,46.17,1.75,17.75,0.0,95.13
2023-12-22,19.75,29.64,13.33,49.05,1.71,17.75,0.0,95.07
2023-12-23,20.09,28.98,13.83,64.16,1.91,14.62,0.0,95.17
2023-12-24,20.09,29.44,13.51,67.05,1.77,14.98,0.0,95.32
2023-12-25,20.24,28.98,13.57,60.44,1.45,15.83,0.0,95.25
2023-12-26,21.21,30.48,14.38,61.79,1.56,16.01,0.0,95.23
2023-12-27,20.89,29.71,14.49,68.14,1.75,15.9,0.0,95.27
2023-12-28,20.84,29.76,13.88,66.22,2.02,15.92,0.0,95.18
2023-12-29,20.89,29.54,14.29,67.92,2.18,15.22,0.0,95.2
2023-12-30,21.2,30.1,14.63,64.75,1.59,15.64,0.0,95.12
2023-12-31,21.11,30.31,13.88,62.82,1.87,15.77,0.0,95.08
2024-01-01,21.17,29.4,15.0,67.86,1.92,14.89,0.0,95.08
2024-01-02,21.46,29.61,15.38,66.05,2.28,14.75,0.0,95.02
2024-01-03,21.75,29.4,16.32,67.1,2.77,14.88,0.0,94.97
2024-01-04,22.43,30.1,16.97,64.43,2.85,14.73,0.0,94.96
2024-01-05,21.89,29.59,16.66,61.23,3.11,15.11,0.0,94.96
2024-01-06,21.85,30.11,15.51,58.36,2.97,16.73,0.0,95.01
2024-01-07,21.73,29.36,15.99,60.57,3.03,15.58,0.0,95.08
2024-01-08,21.85,28.8,15.95,54.34,3.28,16.56,0.0,95.17
2024-01-09,22.72,29.54,18.0,54.96,3.11,11.05,0.0,95.15
2024-01-10,23.08,30.62,17.16,55.07,2.11,9.71,0.0,95.1
2024-01-11,23.78,32.1,18.18,45.42,1.79,15.96,0.0,95.1
2024-01-12,23.46,31.81,16.63,52.19,1.72,16.26,0.0,95.09
2024-01-13,23.49,31.61,16.85,55.42,1.7,14.62,0.0,95.1
2024-01-14,23.56,31.96,16.89,47.06,1.56,16.96,0.0,95.02
2024-01-15,23.57,32.48,16.31,45.67,1.26,15.28,0.0,94.94
2024-01-16,23.42,32.06,15.84,58.56,1.64,15.46,0.0,94.79
2024-01-17,23.73,31.93,17.66,58.32,2.39,15.03,0.0,94.73
2024-01-18,23.61,30.9,16.88,57.95,2.08,14.92,0.0,94.84
2024-01-19,24.24,31.99,16.33,50.75,1.64,15.88,0.0,94.88
2024-01-20,24.3,31.31,17.31,54.84,2.34,16.03,0.0,94.96
2024-01-21,24.53,31.49,17.77,55.97,1.77,15.4,0.0,94.99
2024-01-22,25.23,32.97,17.6,51.93,1.36,16.21,0.0,95.02
2024-01-23,24.47,31.75,18.63,58.01,2.7,16.48,0.0,94.93
2024-01-24,24.14,31.77,17.81,53.97,1.56,14.21,0.0,94.96
2024-01-25,22.45,29.76,16.52,47.69,2.26,14.93,0.0,95.17
2024-01-26,22.55,30.75,14.93,44.89,2.14,15.07,0.0,95.34
2024-01-27,22.77,31.69,15.78,37.15,2.29,14.75,0.0,95.34
2024-01-28,22.25,31.8,13.86,32.6,2.14,18.8,0.0,95.28
2024-01-29,23.22,32.14,15.77,52.75,1.91,15.56,0.0,95.19
2024-01-30,23.47,31.93,16.18,44.5,1.55,17.52,0.0,95.07
2024-01-31,23.96,32.73,16.13,44.63,1.8,18.24,0.0,95.0
2024-02-01,24.01,32.05,17.01,48.62,2.53,18.59,0.0,94.99
2024-02-02,24.16,32.93,16.33,38.56,1.0,16.68,0.0,95.02
2024-02-03,24.89,33.21,17.67,45.22,2.18,16.45,0.0,95.14
2024-02-04,25.08,33.44,17.69,39.22,2.17,19.24,0.0,95.25
2024-02-05,25.79,34.68,17.8,48.52,1.73,18.44,0.0,95.22
2024-02-06,26.72,35.23,18.72,46.57,1.29,18.72,0.0,95.18
2024-02-07,27.43,35.88,19.5,39.76,1.18,18.14,0.0,95.16
2024-02-08,26.36,34.57,19.36,34.96,2.22,18.04,0.0,95.14
2024-02-09,25.6,34.69,17.4,34.39,2.17,19.43,0.0,95.15
2024-02-10,26.25,34.22,19.84,51.99,3.12,17.31,0.0,95.22
2024-02-11,26.61,34.7,19.95,53.28,3.7,18.09,0.0,95.25
2024-02-12,25.84,34.91,18.38,48.24,3.59,20.28,0.0,95.21
2024-02-13,25.46,34.71,17.5,41.31,3.56,20.9,0.0,95.17
2024-02-14,26.24,35.07,17.77,42.5,3.22,19.6,0.0,95.09
2024-02-15,26.43,34.63,19.25,38.26,3.08,20.79,0.0,95.12
2024-02-16,25.47,34.77,17.44,29.27,2.95,23.22,0.0,95.2
2024-02-17,25.16,34.68,16.39,29.02,1.71,23.26,0.0,95.02
2024-02-18,25.41,34.7,16.69,28.11,1.91,22.8,0.0,94.88
2024-02-19,26.15,35.29,17.05,37.23,1.88,21.63,0.0,94.89
2024-02-20,26.53,35.17,17.74,38.88,1.98,20.64,0.0,94.86
2024-02-21,27.34,35.18,18.84,27.22,1.53,20.93,0.0,94.76
2024-02-22,26.59,35.58,17.32,25.3,1.94,22.33,0.0,94.78
2024-02-23,25.24,34.18,16.97,29.11,1.88,21.9,0.0,94.82
2024-02-24,27.2,35.15,18.74,44.74,1.85,16.06,0.0,94.76
2024-02-25,27.38,34.1,21.03,57.07,2.85,16.59,0.0,94.79
2024-02-26,27.19,34.98,20.3,51.94,3.9,19.32,0.0,94.9
2024-02-27,26.69,35.34,18.65,43.71,2.88,23.15,0.0,94.97
2024-02-28,27.31,36.05,19.04,41.94,2.46,22.68,0.0,94.88
2024-02-29,27.78,35.01,20.05,38.52,2.54,20.61,0.0,94.93
2024-03-01,29.08,36.34,22.15,34.63,2.43,21.8,0.0,94.96
2024-03-02,28.72,36.8,20.93,37.44,2.67,22.05,0.0,94.84
2024-03-03,28.62,36.02,20.42,33.67,1.87,21.44,0.0,94.77
2024-03-04,29.4,35.66,22.74,33.01,1.52,19.9,0.0,94.82
2024-03-05,29.88,36.66,22.82,32.73,1.68,22.41,0.0,94.83
2024-03-06,30.27,37.36,23.5,31.96,2.17,21.13,0.0,94.77
2024-03-07,29.65,37.48,21.99,26.58,1.81,21.49,0.0,94.72
2024-03-08,28.85,37.65,21.3,23.32,1.86,21.85,0.0,94.81
2024-03-09,28.44,37.15,19.78,24.72,1.81,20.34,0.0,94.85
2024-03-10,29.44,36.86,21.86,40.27,2.73,20.79,0.0,94.94
2024-03-11,29.23,35.8,22.49,42.85,2.08,18.97,0.0,95.07
2024-03-12,30.66,37.59,22.79,38.62,1.8,19.86,0.0,94.93
2024-03-13,31.01,39.13,22.71,27.97,2.01,17.2,0.0,94.76
2024-03-14,29.78,38.18,21.53,24.19,2.19,19.6,0.0,94.81
2024-03-15,30.57,37.97,21.99,37.41,2.24,17.13,0.48,94.73
2024-03-16,30.37,37.66,24.04,41.02,3.15,18.31,2.35,94.76
2024-03-17,29.32,36.21,23.69,47.62,3.14,17.19,4.78,94.81
2024-03-18,29.05,35.85,22.88,46.09,1.82,18.24,0.44,94.78
2024-03-19,28.72,33.45,24.98,40.58,2.02,15.2,0.06,94.78
2024-03-20,28.35,35.94,21.9,38.94,2.36,20.43,0.04,94.83
2024-03-21,27.85,35.79,20.43,44.29,2.45,25.01,0.0,94.82
2024-03-22,29.19,37.39,20.68,40.54,1.73,24.64,0.0,94.6
2024-03-23,30.77,38.68,21.45,32.85,1.59,22.94,0.0,94.55
2024-03-24,31.01,37.15,26.07,34.18,2.64,21.79,0.0,94.77
2024-03-25,31.19,38.27,24.14,33.21,2.04,17.5,0.0,94.79
2024-03-26,31.74,38.67,24.49,31.7,2.5,23.27,0.0,94.83
2024-03-27,31.21,39.23,23.62,29.29,2.46,23.48,0.0,94.97
2024-03-28,31.79,39.86,23.53,28.32,2.46,24.05,0.0,94.81
2024-03-29,32.96,41.15,24.34,29.01,2.59,22.38,0.0,94.67
2024-03-30,32.42,39.84,26.81,30.72,2.56,23.21,0.02,94.81
2024-03-31,32.0,40.3,23.99,27.06,2.23,23.79,0.03,94.85
2024-04-01,32.66,40.43,24.07,27.42,1.65,23.5,0.0,94.63
2024-04-02,33.19,40.36,25.96,24.03,1.92,22.35,0.0,94.48
2024-04-03,32.65,37.98,26.66,28.95,2.06,18.91,0.0,94.58
2024-04-04,33.89,41.32,25.64,29.41,1.61,22.6,0.0,94.57
2024-04-05,34.41,41.5,28.0,22.35,1.1,23.18,0.0,94.53
2024-04-06,34.4,41.77,26.81,23.39,1.68,21.45,0.0,94.42
2024-04-07,34.32,41.67,26.39,25.58,2.72,20.76,0.0,94.35
2024-04-08,33.07,40.05,26.94,29.3,4.41,21.86,0.0,94.53
2024-04-09,30.76,38.57,23.33,45.1,4.12,22.44,0.08,94.69
2024-04-10,31.7,38.96,24.62,37.4,3.75,23.31,0.02,94.68
2024-04-11,31.26,38.38,24.6,35.87,3.11,20.71,0.32,94.71
2024-04-12,30.89,37.89,23.1,41.09,2.81,19.53,1.15,94.7
2024-04-13,31.28,37.78,23.88,39.3,1.97,13.87,0.31,94.7
2024-04-14,32.32,39.55,24.71,35.14,2.73,23.44,0.0,94.72
2024-04-15,33.36,40.73,25.5,30.63,2.38,24.5,0.0,94.75
2024-04-16,34.19,41.8,25.42,28.78,1.69,24.62,0.0,94.61
2024-04-17,34.04,39.36,29.45,29.49,2.07,19.11,0.0,94.57
2024-04-18,34.78,41.2,28.45,30.84,1.89,20.84,0.0,94.41
2024-04-19,33.52,37.93,30.62,34.98,1.23,17.8,0.06,94.32
2024-04-20,32.21,37.35,28.5,42.43,1.92,11.51,2.45,94.4
2024-04-21,32.98,38.73,27.04,41.62,1.64,19.53,0.32,94.43
2024-04-22,33.53,39.93,28.65,35.25,1.71,22.9,2.76,94.5
2024-04-23,32.8,40.55,25.49,32.23,2.66,25.74,0.06,94.4
2024-04-24,32.35,40.53,24.42,30.0,1.86,25.56,0.14,94.38
2024-04-25,33.31,41.7,24.14,27.6,2.61,25.92,0.01,94.36
2024-04-26,34.38,42.39,25.45,26.69,2.78,25.77,0.0,94.33
2024-04-27,34.8,42.21,26.33,28.56,2.65,23.98,0.0,94.36
2024-04-28,35.37,42.36,28.02,26.26,2.25,23.03,0.1,94.39
2024-04-29,35.26,42.25,28.29,27.9,2.39,23.9,0.0,94.49
2024-04-30,35.81,43.14,27.5,23.26,1.74,24.82,0.0,94.32
2024-05-01,35.9,43.35,28.88,20.88,2.45,25.04,0.0,94.11
2024-05-02,34.59,42.55,26.66,17.0,2.69,26.86,0.0,94.15
2024-05-03,34.06,43.51,24.61,12.77,2.07,27.62,0.0,94.27
2024-05-04,34.27,43.27,25.21,27.16,1.91,25.05,0.0,94.29
2024-05-05,34.91,43.36,26.75,24.21,1.91,23.94,0.02,94.19
2024-05-06,35.66,43.55,27.82,33.09,2.11,24.69,0.78,94.24
2024-05-07,34.13,41.43,25.47,44.39,3.87,21.68,16.79,94.42
2024-05-08,29.37,36.71,22.91,61.19,2.97,24.91,11.65,94.49
2024-05-09,30.43,37.34,24.08,55.96,2.27,20.83,0.24,94.45
2024-05-10,30.73,37.4,24.85,55.54,1.98,20.67,1.24,94.53
2024-05-11,31.41,38.71,24.38,52.14,2.88,24.74,0.18,94.59
2024-05-12,30.79,37.5,24.74,54.85,2.36,22.17,5.03,94.61
2024-05-13,30.15,36.77,24.24,53.85,2.48,21.43,0.11,94.6
2024-05-14,30.07,36.05,25.47,57.25,1.98,23.52,3.46,94.58
2024-05-15,29.53,34.66,24.84,60.37,1.87,19.86,0.24,94.64
2024-05-16,28.32,33.28,24.63,71.03,2.56,16.39,22.77,94.66
2024-05-17,28.19,33.91,23.29,66.75,2.36,17.75,0.4,94.53
2024-05-18,29.34,35.94,22.86,61.49,2.29,16.74,0.19,94.31
2024-05-19,29.47,34.72,24.87,64.44,2.26,17.88,0.73,94.18
2024-05-20,30.39,35.84,25.02,60.94,1.97,21.84,3.18,94.2
2024-05-21,31.73,39.2,24.92,54.65,3.04,24.65,0.06,94.15
2024-05-22,32.01,39.4,25.53,54.2,2.64,25.15,0.15,94.1
2024-05-23,31.83,39.05,25.29,53.83,2.28,21.96,0.83,93.94
2024-05-24,32.01,38.39,27.16,52.06,1.34,22.49,2.79,93.83
2024-05-25,32.58,40.51,25.85,51.71,3.7,19.15,0.64,93.74
2024-05-26,33.62,41.69,26.01,45.59,4.5,19.6,1.99,93.77
2024-05-27,33.9,41.48,26.97,42.94,4.95,18.66,1.53,93.8
2024-05-28,32.02,38.5,26.0,44.37,4.88,23.59,0.0,93.93
2024-05-29,33.01,40.27,26.52,43.13,3.89,25.63,0.0,93.94
2024-05-30,34.36,41.05,27.17,42.22,2.87,25.11,0.0,94.01
2024-05-31,34.92,40.6,29.78,36.26,3.15,25.08,0.0,94.08
2024-06-01,33.85,39.17,28.87,35.8,2.88,19.35,0.01,94.14
2024-06-02,32.19,40.46,26.16,51.1,3.68,19.53,14.22,94.23
2024-06-03,29.06,34.53,24.71,66.59,2.7,12.43,3.34,94.37
2024-06-04,30.14,35.87,25.0,61.83,1.9,18.1,2.18,94.39
2024-06-05,28.1,31.75,24.95,72.77,2.38,20.15,15.6,94.45
2024-06-06,28.13,32.3,23.96,73.53,2.0,19.73,17.25,94.48
2024-06-07,27.04,30.63,24.29,77.59,1.73,17.6,9.45,94.33
2024-06-08,27.17,32.61,22.89,73.65,2.44,17.46,5.79,94.25
2024-06-09,26.42,30.86,22.71,74.21,2.4,16.0,3.42,94.09
2024-06-10,27.39,31.21,23.94,77.11,2.46,16.43,3.59,94.08
2024-06-11,27.75,32.69,24.3,73.65,3.93,16.03,2.52,94.19
2024-06-12,26.83,31.78,22.87,75.0,4.07,18.91,1.96,94.34
2024-06-13,25.57,29.38,23.04,80.75,4.05,20.18,8.93,94.39
2024-06-14,26.49,32.96,22.25,75.63,3.94,18.68,1.08,94.3
2024-06-15,25.67,29.37,22.25,76.27,3.51,22.36,0.07,94.28
2024-06-16,27.53,31.95,23.88,75.9,2.79,22.26,7.41,94.27
2024-06-17,27.47,31.6,23.44,76.15,2.17,19.34,5.54,94.31
2024-06-18,27.58,32.22,23.94,72.69,3.35,21.81,3.46,94.24
2024-06-19,25.28,28.18,22.75,78.92,3.97,18.49,0.27,94.14
2024-06-20,27.28,32.81,22.68,70.98,4.39,21.83,0.48,94.1
2024-06-21,27.2,32.41,23.44,72.24,4.08,15.77,0.78,94.1
2024-06-22,26.66,31.87,23.49,74.24,3.53,16.79,4.36,93.96
2024-06-23,26.49,31.69,22.05,76.64,2.51,15.43,4.99,93.87
2024-06-24,28.02,33.94,23.11,71.73,3.32,20.69,1.82,93.82
2024-06-25,27.55,32.98,23.36,72.48,3.81,19.09,3.66,93.81
2024-06-26,25.48,29.65,22.16,75.76,5.32,21.53,1.35,93.85
2024-06-27,24.67,29.24,21.34,74.42,6.05,14.02,2.87,94.03
2024-06-28,25.65,31.72,21.0,71.87,5.81,15.36,3.36,94.13
2024-06-29,26.51,31.58,21.77,74.76,4.24,14.02,4.8,94.19
2024-06-30,27.05,32.82,22.8,74.0,4.56,12.01,5.31,94.23
2024-07-01,26.91,31.66,22.76,73.53,5.96,12.72,0.52,94.19
2024-07-02,26.98,32.88,21.64,71.23,6.12,18.51,5.43,94.09
2024-07-03,27.17,32.13,23.14,74.71,4.6,18.22,2.46,94.13
2024-07-04,26.95,31.85,23.31,74.9,4.55,19.0,1.32,94.22
2024-07-05,26.33,30.66,23.28,74.37,5.07,18.54,7.5,94.11
2024-07-06,25.65,30.07,22.91,79.68,4.74,14.9,16.32,94.0
2024-07-07,25.49,30.15,22.22,79.82,4.52,18.6,3.08,94.05
2024-07-08,25.02,28.36,22.64,84.58,3.64,12.96,6.11,93.96
2024-07-09,25.07,29.11,22.08,80.72,3.21,12.45,3.86,94.1
2024-07-10,25.9,31.31,21.09,75.87,3.49,19.9,1.7,94.35
2024-07-11,27.0,32.92,22.04,71.16,4.13,21.42,2.39,94.26
2024-07-12,25.04,28.51,21.95,78.73,4.94,17.11,6.43,94.12
2024-07-13,25.19,28.95,22.31,80.79,4.92,14.25,3.85,94.03
2024-07-14,25.1,28.85,22.66,83.91,5.18,10.17,18.95,93.82
2024-07-15,24.77,27.5,22.73,86.22,4.04,9.05,12.22,93.73
2024-07-16,25.59,31.22,20.93,77.05,4.35,14.21,8.32,93.79
2024-07-17,25.45,29.79,22.04,77.7,4.84,14.46,2.68,93.95
2024-07-18,24.95,28.16,22.96,84.8,5.29,11.47,7.65,93.93
2024-07-19,24.37,27.32,22.54,85.58,6.33,12.05,14.62,93.83
2024-07-20,23.72,25.71,22.11,90.11,6.16,4.89,18.44,93.87
2024-07-21,25.43,30.06,22.37,83.36,6.23,4.05,4.03,93.89
2024-07-22,25.11,30.25,22.42,83.08,6.24,13.31,3.27,94.07
2024-07-23,24.59,27.83,21.89,84.61,5.91,9.82,2.41,94.18
2024-07-24,24.97,28.67,22.24,83.64,5.71,6.78,4.1,93.99
2024-07-25,24.73,28.83,22.08,84.68,5.75,5.83,8.33,93.87
2024-07-26,24.61,29.72,20.96,82.07,5.85,14.72,2.94,93.92
2024-07-27,24.44,27.15,22.54,85.93,6.26,9.29,2.26,93.99
2024-07-28,24.91,28.91,22.23,82.08,5.35,14.64,1.03,93.82
2024-07-29,26.23,31.55,22.27,79.61,4.57,14.63,1.82,93.79
2024-07-30,26.67,31.59,22.96,78.31,3.79,17.81,2.5,94.09
2024-07-31,26.39,30.27,22.86,81.88,3.79,19.33,2.53,94.22
2024-08-01,25.67,29.33,23.33,84.62,4.56,12.95,3.41,94.19
2024-08-02,25.13,28.75,22.5,84.5,5.11,13.58,4.38,94.17
2024-08-03,25.71,30.12,22.21,80.68,4.98,15.54,1.32,94.28
2024-08-04,25.14,28.53,22.61,82.62,4.29,15.53,0.3,94.34
2024-08-05,25.52,30.19,21.95,81.86,3.69,19.39,7.51,94.39
2024-08-06,24.84,28.37,22.47,86.63,3.29,9.77,10.03,94.31
2024-08-07,24.6,27.73,22.3,86.82,3.19,7.45,13.23,94.31
2024-08-08,25.62,30.08,22.33,81.46,2.98,11.1,1.34,94.37
2024-08-09,25.93,30.57,22.53,81.7,2.37,19.03,3.81,94.45
2024-08-10,26.42,30.87,22.87,79.39,2.53,21.17,2.76,94.43
2024-08-11,26.53,30.94,22.92,81.38,2.33,19.23,6.91,94.29
2024-08-12,26.59,30.75,23.13,81.31,2.13,18.84,1.02,94.29
2024-08-13,26.47,30.09,23.5,83.93,1.44,18.55,0.87,94.33
2024-08-14,26.99,30.42,23.93,80.96,0.91,16.17,0.11,94.31
2024-08-15,26.21,29.3,23.75,86.84,1.32,18.54,14.42,94.24
2024-08-16,26.52,30.12,23.49,83.9,1.41,17.04,25.56,94.18
2024-08-17,26.0,29.32,23.37,86.34,1.54,19.09,9.28,94.25
2024-08-18,25.71,28.91,23.36,88.2,1.32,18.47,15.17,94.36
2024-08-19,26.52,31.38,22.55,78.21,0.99,13.12,26.09,94.28
2024-08-20,26.33,29.82,23.14,83.02,0.78,16.61,7.17,94.28
2024-08-21,26.55,31.11,23.11,83.34,2.24,20.44,9.99,94.32
2024-08-22,25.73,29.38,22.98,86.25,1.94,17.92,5.86,94.35
2024-08-23,25.01,28.81,22.34,85.85,3.8,16.54,3.11,94.4
2024-08-24,24.94,28.01,22.85,88.36,4.54,11.08,5.66,94.35
2024-08-25,25.21,29.71,22.45,83.95,4.59,14.96,4.64,94.28
2024-08-26,25.2,29.92,21.51,81.56,4.7,19.38,0.76,94.23
2024-08-27,25.36,29.85,21.85,82.82,3.78,17.01,3.14,94.39
2024-08-28,25.31,29.79,22.06,82.54,3.64,16.93,0.24,94.4
2024-08-29,25.37,29.48,22.01,83.49,2.96,19.1,3.34,94.29
2024-08-30,24.42,27.3,22.42,87.96,3.49,13.02,10.02,94.3
2024-08-31,23.79,25.5,22.52,91.66,4.39,3.63,23.51,94.24
2024-09-01,24.12,25.81,22.61,94.3,4.64,2.54,41.42,93.88
2024-09-02,23.42,27.22,20.85,87.5,5.71,5.29,30.21,93.97
2024-09-03,23.71,28.32,19.86,84.46,4.6,11.0,9.45,94.23
2024-09-04,24.84,28.3,22.19,89.4,3.37,10.0,17.19,94.28
2024-09-05,25.31,29.11,22.52,87.84,3.54,17.51,12.24,94.19
2024-09-06,25.39,29.34,22.54,86.54,3.65,17.59,7.31,94.26
2024-09-07,24.57,27.24,22.53,89.61,3.53,15.06,11.08,94.35
2024-09-08,23.94,26.46,22.47,90.94,3.45,9.71,3.18,94.38
2024-09-09,23.66,25.92,22.29,90.57,3.59,7.0,1.06,94.15
2024-09-10,24.86,28.9,22.03,85.72,4.13,15.99,0.55,94.09
2024-09-11,24.91,29.49,21.48,83.17,3.78,19.33,0.02,94.25
2024-09-12,24.59,29.51,20.73,83.43,3.26,17.8,0.2,94.41
2024-09-13,24.3,29.04,20.53,82.87,3.2,21.57,0.02,94.43
2024-09-14,24.54,29.32,21.5,82.43,3.14,22.03,0.0,94.39
2024-09-15,24.2,29.15,20.33,82.25,3.32,21.88,0.02,94.4
2024-09-16,23.84,28.33,20.89,84.13,3.35,15.29,0.04,94.41
2024-09-17,24.21,29.25,20.3,83.03,3.0,20.71,0.04,94.37
2024-09-18,24.14,29.11,19.61,79.99,2.11,23.26,0.0,94.3
2024-09-19,24.76,29.61,19.25,78.01,1.35,21.42,0.08,94.36
2024-09-20,25.05,29.33,20.88,81.41,1.56,16.56,6.96,94.35
2024-09-21,24.85,28.66,21.6,88.66,1.74,13.07,28.75,94.36
2024-09-22,25.16,27.56,22.82,86.14,1.94,18.63,9.94,94.32
2024-09-23,25.16,29.16,21.89,89.71,1.58,17.28,10.24,94.22
2024-09-24,25.84,29.65,22.98,88.23,1.5,14.87,25.03,94.08
2024-09-25,25.22,28.76,22.1,88.93,1.82,12.99,39.85,94.06
2024-09-26,24.32,28.33,20.48,89.01,3.47,12.95,7.89,94.04
2024-09-27,24.36,28.11,21.72,87.81,3.26,18.54,0.14,94.34
2024-09-28,24.94,29.3,21.81,83.44,2.2,20.4,0.0,94.56
2024-09-29,25.74,30.07,21.11,81.79,0.88,19.52,0.31,94.69
2024-09-30,25.98,30.15,22.5,83.99,0.99,18.28,0.03,94.69
2024-10-01,26.76,30.84,22.07,79.37,0.56,20.56,5.57,94.53
2024-10-02,26.43,30.39,22.9,85.13,1.28,19.77,0.84,94.53
2024-10-03,25.51,29.14,22.96,87.21,2.09,16.8,1.3,94.49
2024-10-04,25.64,30.11,21.8,84.76,1.67,18.14,1.04,94.51
2024-10-05,25.68,29.73,21.94,84.41,1.3,13.9,0.82,94.57
2024-10-06,25.23,29.63,22.53,85.89,1.8,16.29,0.12,94.63
2024-10-07,24.33,28.27,21.72,86.17,1.42,16.96,0.28,94.81
2024-10-08,24.42,29.11,21.09,85.11,1.46,20.3,0.35,94.83
2024-10-09,24.76,29.01,21.52,87.28,2.19,19.56,2.36,94.65
2024-10-10,24.63,28.25,22.14,87.91,2.56,16.85,1.69,94.56
2024-10-11,24.72,28.39,22.49,88.62,2.53,14.25,3.34,94.54
2024-10-12,24.77,28.55,22.13,88.74,2.07,17.18,1.33,94.64
2024-10-13,25.05,28.97,22.11,86.42,1.95,20.12,0.65,94.69
2024-10-14,24.32,27.81,21.87,89.08,1.39,16.07,1.36,94.72
2024-10-15,24.35,28.51,21.36,88.43,1.68,15.23,5.18,94.68
2024-10-16,24.65,28.83,21.59,87.61,1.83,15.43,12.44,94.6
2024-10-17,24.84,28.83,21.83,89.21,2.48,15.42,4.05,94.55
2024-10-18,25.05,27.85,23.32,89.65,2.52,16.95,0.74,94.58
2024-10-19,24.61,27.96,22.33,90.15,1.65,18.87,2.22,94.76
2024-10-20,24.1,27.71,21.58,88.19,1.62,16.12,1.23,94.88
2024-10-21,24.32,28.57,20.87,87.04,1.69,18.63,11.11,94.88
2024-10-22,24.5,29.18,21.16,87.21,1.23,15.26,6.08,94.83
2024-10-23,23.73,28.55,20.17,85.02,1.86,18.31,0.28,94.79
2024-10-24,22.84,28.58,17.68,84.47,1.95,17.01,0.0,94.7
2024-10-25,22.73,27.87,19.21,83.39,2.44,18.15,0.0,94.65
2024-10-26,23.21,28.17,19.58,84.57,2.92,19.84,0.0,94.63
2024-10-27,22.5,27.76,17.86,82.16,1.75,20.46,0.0,94.55
2024-10-28,23.78,28.75,18.7,76.2,0.78,17.53,0.0,94.48
2024-10-29,24.89,29.4,20.8,74.69,0.68,17.56,0.0,94.58
2024-10-30,24.1,27.32,21.67,87.95,1.57,12.23,4.54,94.64
2024-10-31,24.3,28.35,21.33,87.83,1.81,13.71,2.8,94.79
2024-11-01,23.82,28.66,20.03,86.01,1.39,12.62,1.26,94.92
2024-11-02,23.44,28.44,20.06,85.88,1.73,15.12,1.39,94.96
2024-11-03,22.31,27.54,18.34,83.06,2.06,16.08,0.16,94.98
2024-11-04,22.14,27.82,17.97,82.23,1.57,17.1,0.0,94.88
2024-11-05,21.37,27.58,16.43,75.5,1.63,18.87,0.0,94.95
2024-11-06,21.72,28.03,16.72,77.71,1.65,19.19,0.0,94.98
2024-11-07,21.23,27.73,15.84,79.36,1.35,18.82,0.0,94.97
2024-11-08,21.78,27.94,16.07,77.6,1.18,18.31,0.0,94.95
2024-11-09,22.04,27.71,17.17,78.88,1.43,17.08,0.0,94.94
2024-11-10,21.32,27.14,16.24,81.69,1.77,18.79,0.0,94.95
2024-11-11,20.5,26.8,15.81,80.5,2.01,17.53,0.0,94.9
2024-11-12,21.18,27.47,15.99,83.06,2.49,17.87,0.0,94.84
2024-11-13,22.34,27.88,17.34,85.62,2.55,15.21,0.0,94.77
2024-11-14,22.91,28.12,18.48,84.29,2.3,12.83,0.01,94.87
2024-11-15,22.86,28.34,18.5,82.31,1.8,16.63,0.01,94.93
2024-11-16,21.1,27.54,16.61,76.68,2.02,18.1,0.0,94.88
2024-11-17,19.24,26.21,14.53,74.19,2.12,17.94,0.0,94.91
2024-11-18,18.49,26.02,12.38,77.06,1.77,17.75,0.0,94.96
2024-11-19,18.57,25.57,13.11,75.6,1.49,17.9,0.0,95.03
2024-11-20,18.64,26.01,12.2,78.91,1.5,17.92,0.0,94.98
2024-11-21,18.78,25.65,13.0,76.33,1.47,17.38,0.0,94.93
2024-11-22,18.52,25.39,13.02,78.79,1.46,16.21,0.0,94.9
2024-11-23,18.95,25.51,14.11,78.15,1.07,15.08,0.0,94.99
2024-11-24,18.7,25.71,13.14,76.74,1.37,15.16,0.0,95.01
2024-11-25,18.59,25.73,12.88,79.63,1.98,16.03,0.0,94.96
2024-11-26,18.94,26.38,12.42,78.02,1.73,16.76,0.0,94.92
2024-11-27,18.49,25.84,13.06,74.27,2.25,15.33,0.0,94.84
2024-11-28,17.77,25.68,12.73,72.26,2.86,17.2,0.0,94.83
2024-11-29,19.81,27.62,12.96,79.77,2.97,16.05,0.0,94.78
2024-11-30,21.84,27.23,17.68,85.2,3.32,11.29,0.0,94.65
2024-12-01,22.52,26.83,19.33,87.09,2.68,9.69,1.16,94.5
2024-12-02,23.01,28.14,19.96,87.82,3.01,10.05,1.54,94.5
2024-12-03,23.68,29.16,20.32,84.54,2.78,8.08,0.68,94.74
2024-12-04,24.16,29.38,20.58,84.44,2.13,10.95,0.04,94.85
2024-12-05,24.4,29.57,20.74,83.63,1.26,12.38,0.0,94.87
2024-12-06,23.39,26.95,21.21,86.95,1.29,12.08,0.01,94.82
2024-12-07,23.72,28.85,19.73,82.06,1.13,10.09,1.55,94.76
2024-12-08,23.29,27.46,19.87,87.15,1.27,10.19,1.36,94.74
2024-12-09,22.92,26.8,20.22,87.04,1.18,9.91,0.44,94.77
2024-12-10,21.13,27.48,16.01,67.42,2.46,14.99,0.0,94.89
2024-12-11,19.17,27.16,13.47,64.54,2.18,17.01,0.0,94.94
2024-12-12,20.05,28.7,12.16,62.19,1.13,17.06,0.0,94.88
2024-12-13,19.52,26.53,14.27,60.54,2.07,15.0,0.0,94.96
2024-12-14,18.77,26.89,13.52,64.02,2.38,16.0,0.0,95.08
2024-12-15,17.19,26.68,10.47,58.04,2.03,17.26,0.0,95.15
2024-12-16,16.88,27.07,8.62,54.66,1.75,18.02,0.0,95.02
2024-12-17,18.82,28.09,12.32,51.24,1.47,17.74,0.0,94.91
2024-12-18,19.76,28.57,13.48,57.14,1.93,17.39,0.0,94.81
2024-12-19,20.51,26.89,12.99,71.53,2.16,15.01,0.38,94.76
2024-12-20,23.31,29.46,19.11,80.42,1.96,10.97,0.34,94.67
2024-12-21,22.82,29.52,18.48,71.22,1.9,12.77,0.01,94.71
2024-12-22,21.38,29.04,16.24,65.5,2.17,14.9,0.0,94.81
2024-12-23,20.87,28.88,14.82,59.82,1.85,16.21,0.0,94.83
2024-12-24,21.4,28.49,15.21,69.21,2.34,11.75,0.04,94.82
2024-12-25,21.53,27.94,17.66,78.95,3.15,8.13,0.16,94.97
2024-12-26,21.99,29.18,17.19,80.32,2.9,6.99,0.78,95.17
2024-12-27,22.56,29.08,18.75,75.39,3.34,11.16,0.06,95.25
2024-12-28,22.36,29.69,17.2,73.56,2.41,16.74,0.0,95.2
2024-12-29,22.36,29.97,17.16,69.11,2.01,18.05,0.0,95.19
2024-12-30,21.81,29.65,15.43,61.52,1.9,17.03,0.0,95.18
2024-12-31,21.39,29.38,15.14,65.77,1.77,15.16,0.0,95.21
2025-01-01,20.44,28.09,14.72,65.36,2.03,14.95,0.0,95.11
2025-01-02,19.25,28.7,13.0,50.63,2.45,17.97,0.0,95.09
2025-01-03,18.89,29.35,10.73,47.25,2.23,18.44,0.0,95.08
2025-01-04,19.05,29.3,10.75,49.1,2.12,18.29,0.0,94.98
2025-01-05,19.81,29.09,12.8,63.1,1.52,16.98,0.0,94.94
2025-01-06,20.08,28.83,13.01,63.7,1.58,16.63,0.0,94.93
2025-01-07,20.22,29.23,13.85,58.99,1.85,16.81,0.0,94.94
2025-01-08,18.59,27.39,12.3,52.3,1.99,18.54,0.0,94.99
2025-01-09,18.41,27.86,10.06,53.05,2.09,18.1,0.0,95.06
2025-01-10,19.57,27.45,13.84,69.03,2.64,16.88,0.0,95.17
2025-01-11,21.07,29.07,15.43,67.13,2.84,15.13,0.0,95.13
2025-01-12,21.81,29.6,16.67,65.78,2.48,14.28,0.0,95.07
2025-01-13,21.77,29.39,16.06,64.75,1.9,15.38,0.0,94.99
2025-01-14,21.61,29.1,15.42,63.36,2.29,15.44,0.0,95.09
2025-01-15,21.37,27.71,16.84,71.09,2.5,12.93,0.0,95.18
2025-01-16,21.36,28.23,16.3,68.02,2.23,12.12,0.0,95.14
2025-01-17,20.55,28.59,14.41,59.66,2.28,15.79,0.0,95.05
2025-01-18,19.89,28.05,13.88,60.14,2.25,16.74,0.0,95.02
2025-01-19,20.63,30.21,13.09,49.0,2.0,18.51,0.0,95.03
2025-01-20,20.39,30.59,12.47,41.68,2.18,19.71,0.0,94.94
2025-01-21,21.0,31.73,12.63,38.8,1.92,20.32,0.0,94.85
2025-01-22,22.1,32.27,14.18,46.34,2.11,19.89,0.0,94.82
2025-01-23,22.77,32.76,14.74,56.33,2.48,19.41,0.0,94.82
2025-01-24,23.09,32.56,15.49,57.57,2.22,19.45,0.0,94.8
2025-01-25,22.97,32.6,15.13,48.88,1.78,19.77,0.0,94.9
2025-01-26,23.12,32.01,16.42,44.67,2.14,19.55,0.0,94.87
2025-01-27,23.54,32.64,17.73,40.27,1.54,19.44,0.0,94.77
2025-01-28,23.62,33.34,16.43,43.52,1.83,18.96,0.0,94.76
2025-01-29,23.43,32.96,15.43,53.59,2.4,17.62,0.0,94.93
2025-01-30,23.6,32.72,15.7,52.04,1.76,18.4,0.0,94.81
2025-01-31,24.57,33.94,16.73,41.65,1.47,19.16,0.0,94.73
2025-02-01,24.76,34.2,16.72,40.01,1.75,19.96,0.0,94.8
2025-02-02,25.05,34.8,16.85,39.16,2.19,20.47,0.0,94.83
2025-02-03,25.16,34.87,16.96,38.87,2.15,21.43,0.0,94.88
2025-02-04,25.78,35.42,17.26,36.52,1.63,20.35,0.0,94.88
2025-02-05,26.04,35.26,17.94,37.32,1.48,19.69,0.0,94.77
2025-02-06,25.74,34.52,17.87,42.02,2.02,18.67,0.0,94.81
2025-02-07,25.35,33.27,17.93,39.58,2.68,17.58,0.0,94.98
2025-02-08,25.39,33.91,18.0,34.16,2.45,17.83,0.0,94.95
2025-02-09,25.46,34.2,18.04,34.37,2.44,19.78,0.0,94.9
2025-02-10,25.39,34.43,17.16,42.69,1.68,19.08,0.0,94.97
2025-02-11,25.79,34.43,18.13,41.29,1.47,18.13,0.0,94.97
2025-02-12,26.59,35.61,19.67,32.41,1.62,18.48,0.0,94.96
2025-02-13,25.54,35.63,17.33,23.54,2.06,21.36,0.0,94.97
2025-02-14,24.22,33.99,15.89,21.46,2.43,22.81,0.0,94.94
2025-02-15,25.0,35.29,16.36,19.78,2.45,23.33,0.0,94.85
2025-02-16,25.52,35.71,16.43,21.25,1.75,23.03,0.0,94.87
2025-02-17,25.97,36.28,16.79,31.67,1.55,21.92,0.0,94.94
2025-02-18,26.8,36.75,17.69,34.47,1.68,21.64,0.0,94.89
2025-02-19,26.88,36.26,17.62,32.86,1.66,21.02,0.0,94.75
2025-02-20,27.04,36.06,18.83,33.08,1.34,18.77,0.0,94.85
2025-02-21,26.93,35.4,20.27,36.66,1.51,20.06,0.0,95.01
2025-02-22,26.82,35.63,20.07,28.72,1.86,21.44,0.0,95.07
2025-02-23,26.11,34.89,18.55,24.84,2.84,22.48,0.0,95.1
2025-02-24,25.42,34.31,17.31,22.83,2.45,23.63,0.0,95.15
2025-02-25,25.48,34.42,16.62,38.99,2.34,22.03,0.0,95.22
2025-02-26,26.23,34.8,18.33,34.78,2.7,20.96,0.0,95.23
2025-02-27,26.17,35.28,17.49,37.92,2.43,22.01,0.0,95.06
2025-02-28,26.79,35.52,18.1,41.11,2.35,21.83,0.0,94.94
2025-03-01,27.22,35.79,19.59,39.41,2.41,22.24,0.0,94.87
2025-03-02,28.42,37.6,19.61,31.83,1.82,22.31,0.0,94.71
2025-03-03,28.39,37.06,20.88,27.46,2.23,22.1,0.0,94.76
2025-03-04,28.92,38.36,20.97,21.83,2.55,20.57,0.0,94.78
2025-03-05,27.09,36.04,20.43,18.56,3.4,24.53,0.0,94.81
2025-03-06,24.53,35.07,15.35,8.23,3.08,26.69,0.0,94.92
2025-03-07,25.56,36.23,16.07,9.6,2.41,25.94,0.0,94.74
2025-03-08,27.44,37.91,19.12,11.64,1.92,24.91,0.0,94.56
2025-03-09,27.73,37.49,17.49,26.96,2.67,23.06,0.0,94.67
2025-03-10,27.36,36.21,19.44,42.85,3.32,22.2,0.0,94.98
2025-03-11,27.57,36.5,18.86,39.79,2.52,23.0,0.0,95.01
2025-03-12,28.82,38.31,19.83,31.14,1.74,23.81,0.0,94.79
2025-03-13,30.16,39.07,20.68,29.45,1.28,21.96,0.0,94.63
2025-03-14,30.31,38.31,22.87,24.18,1.26,22.28,0.0,94.66
2025-03-15,30.83,39.71,21.76,28.1,2.36,23.26,0.0,94.71
2025-03-16,30.67,39.99,22.06,26.96,3.11,24.48,0.0,94.75
2025-03-17,30.55,39.27,21.16,21.58,1.6,24.22,0.0,94.69
2025-03-18,31.11,39.97,22.19,25.13,2.13,24.2,0.0,94.67
2025-03-19,30.22,39.43,21.97,32.31,3.42,25.21,0.01,94.82
2025-03-20,29.25,38.94,20.22,41.17,3.21,25.67,0.16,94.92
2025-03-21,29.06,37.21,20.56,49.11,1.64,22.93,9.29,94.96
2025-03-22,28.68,35.13,22.71,54.12,2.58,21.04,1.58,94.89
2025-03-23,27.85,34.46,21.85,59.38,1.98,20.36,2.77,94.93
2025-03-24,28.24,36.14,20.58,51.99,1.8,22.76,0.15,94.88
2025-03-25,28.8,37.26,20.79,37.99,1.65,23.59,0.0,94.63
2025-03-26,29.2,38.53,20.63,29.93,1.71,23.55,0.0,94.49
2025-03-27,29.93,39.09,21.12,29.39,1.79,22.26,0.0,94.45
2025-03-28,30.63,39.51,22.48,23.24,1.41,21.37,0.0,94.4
2025-03-29,31.34,39.9,24.48,22.63,1.58,19.26,0.0,94.4
2025-03-30,31.32,40.02,22.9,25.63,2.21,19.31,0.0,94.5
2025-03-31,31.09,39.42,23.02,28.39,2.54,19.53,0.0,94.53
2025-04-01,29.85,37.94,22.01,39.88,3.25,22.27,0.0,94.51
2025-04-02,28.47,35.63,21.28,40.96,2.82,22.78,0.0,94.64
2025-04-03,28.27,33.66,22.52,54.08,1.62,15.01,16.35,94.79
2025-04-04,28.45,35.33,21.7,55.13,1.45,23.53,0.07,94.82
2025-04-05,29.91,36.84,23.45,47.05,1.62,23.47,0.02,94.68
2025-04-06,30.3,38.73,22.5,40.58,1.81,23.59,0.31,94.57
2025-04-07,30.41,39.61,21.43,36.42,2.12,24.37,0.0,94.57
2025-04-08,30.56,38.9,22.42,40.75,2.56,24.92,0.72,94.7
2025-04-09,30.58,38.8,21.92,41.67,2.82,25.0,0.4,94.59
2025-04-10,29.86,37.36,23.98,45.04,2.17,21.47,6.31,94.34
2025-04-11,29.65,37.82,21.86,38.43,2.73,24.46,0.25,94.28
2025-04-12,30.62,38.8,22.53,30.78,2.97,24.47,0.0,94.42
2025-04-13,30.68,39.31,21.52,27.81,2.4,24.35,0.0,94.55
2025-04-14,31.34,39.65,22.49,29.88,1.62,23.75,0.01,94.5
2025-04-15,31.45,39.37,23.42,34.06,2.02,22.7,0.32,94.46
2025-04-16,31.13,38.92,23.41,42.65,2.85,23.05,0.34,94.46
2025-04-17,32.18,39.92,24.9,41.01,2.49,22.77,0.24,94.38
2025-04-18,30.87,37.28,24.88,51.58,1.71,20.02,10.15,94.38
2025-04-19,30.97,38.49,23.82,51.81,1.91,20.04,2.49,94.36
2025-04-20,32.11,39.83,25.29,44.33,1.75,21.97,0.0,94.39
2025-04-21,32.3,40.1,24.37,45.02,2.39,20.96,0.06,94.58
2025-04-22,32.95,40.3,25.91,38.94,2.07,21.84,0.05,94.64
2025-04-23,33.17,40.47,26.28,34.51,2.08,23.38,0.01,94.49
2025-04-24,33.44,40.74,25.41,28.41,2.17,22.76,0.77,94.37
2025-04-25,33.74,40.98,26.46,34.6,2.0,24.08,0.44,94.43
2025-04-26,33.85,41.04,26.89,32.92,1.29,20.98,0.04,94.46
2025-04-27,33.03,39.7,26.82,32.66,2.37,16.92,0.32,94.52
2025-04-28,32.67,40.3,25.15,34.67,2.05,25.23,0.0,94.39
2025-04-29,33.11,40.13,24.88,33.07,2.02,22.91,0.45,94.34
2025-04-30,33.86,41.44,27.1,28.65,2.75,24.55,0.41,94.33
2025-05-01,33.19,41.42,25.49,34.51,2.44,24.41,0.01,94.42
2025-05-02,33.24,41.05,25.42,38.18,2.59,23.36,0.27,94.44
2025-05-03,33.59,41.34,26.04,33.11,2.81,23.46,0.06,94.36
2025-05-04,33.09,40.5,25.98,24.44,2.91,22.56,0.01,94.3
2025-05-05,32.77,39.43,25.01,35.48,2.05,25.82,0.99,94.34
2025-05-06,31.69,38.03,26.45,36.04,2.27,24.85,1.3,94.44
2025-05-07,31.54,37.91,23.88,30.5,1.72,24.83,0.12,94.37
2025-05-08,31.32,37.56,24.9,32.71,2.01,20.15,0.0,94.4
2025-05-09,31.65,37.97,24.37,42.32,1.83,24.34,0.78,94.47
2025-05-10,32.6,38.82,26.66,38.79,2.29,22.18,0.25,94.44
2025-05-11,33.83,39.68,27.63,35.75,1.1,22.4,0.08,94.35
2025-05-12,34.83,40.22,29.18,30.33,1.56,22.18,0.83,94.23
2025-05-13,34.54,40.39,28.35,32.6,0.72,20.23,1.25,94.23
2025-05-14,32.94,38.32,27.67,43.88,1.83,20.86,9.01,94.33
2025-05-15,30.42,35.33,26.15,61.01,1.2,18.63,8.71,94.38
2025-05-16,29.5,34.13,24.93,64.4,1.51,18.5,3.24,94.38
2025-05-17,30.67,36.0,25.23,57.11,1.87,19.07,0.35,94.31
2025-05-18,28.09,30.62,25.29,70.48,1.61,19.1,8.2,94.28
2025-05-19,29.34,36.19,23.89,62.34,2.55,19.16,3.05,94.18
2025-05-20,28.66,33.54,24.36,69.32,2.37,20.03,29.65,94.1
2025-05-21,27.46,32.38,24.12,78.15,2.46,10.67,39.5,94.14
2025-05-22,26.15,29.76,23.32,80.79,1.44,18.08,23.75,94.12
2025-05-23,27.37,32.61,23.41,75.98,3.84,20.34,1.72,93.93
2025-05-24,26.86,30.07,23.54,77.71,4.38,16.32,3.35,93.76
2025-05-25,26.86,32.21,22.8,76.65,4.56,17.42,3.97,93.86
2025-05-26,26.56,31.92,22.52,77.71,2.56,11.73,4.33,93.83
2025-05-27,26.4,30.69,22.97,81.94,2.35,17.31,8.23,93.79
2025-05-28,25.56,28.04,24.07,85.84,3.71,11.98,10.48,93.8
2025-05-29,26.26,30.11,23.5,82.74,3.69,11.24,3.18,93.75
2025-05-30,27.28,31.98,24.07,76.44,3.63,18.38,1.82,93.84
2025-05-31,27.91,33.94,23.34,67.32,5.47,23.07,0.23,94.17
2025-06-01,27.76,34.15,22.58,66.35,4.87,24.69,0.03,94.32
2025-06-02,27.47,33.18,22.69,69.51,4.63,20.3,0.7,94.28
2025-06-03,27.37,32.98,22.61,69.71,4.11,20.53,0.62,94.34
2025-06-04,27.81,34.19,22.25,64.86,3.75,24.64,0.12,94.4
2025-06-05,27.9,33.49,22.27,67.46,1.84,20.34,1.86,94.47
2025-06-06,29.58,35.3,22.93,61.08,0.79,23.22,0.01,94.49
2025-06-07,29.62,34.62,24.9,62.06,2.11,21.26,1.06,94.43
2025-06-08,29.03,35.53,23.98,65.73,3.47,20.57,5.12,94.37
2025-06-09,28.55,33.8,24.15,68.74,4.37,9.91,6.8,94.2
2025-06-10,28.7,34.58,23.73,68.83,4.38,9.98,2.27,93.96
2025-06-11,26.47,30.02,24.31,77.87,3.95,14.74,4.64,93.88
2025-06-12,25.55,27.73,23.54,87.33,2.42,14.98,14.73,93.81
2025-06-13,27.51,33.32,22.83,75.5,2.16,15.85,3.91,93.86
2025-06-14,27.75,33.02,23.32,74.57,2.02,16.76,0.73,93.88
2025-06-15,26.9,31.45,23.62,76.55,3.72,13.16,0.55,93.76
2025-06-16,25.7,29.36,22.7,77.29,5.4,15.11,0.65,93.84
2025-06-17,27.09,31.8,23.17,71.6,5.21,20.1,0.04,94.09
2025-06-18,27.94,33.75,22.58,67.82,5.8,19.84,0.0,94.11
2025-06-19,27.43,32.73,23.0,70.04,6.29,15.95,0.34,94.1
2025-06-20,27.47,33.02,22.9,70.25,5.57,19.54,0.62,94.23
2025-06-21,27.88,33.9,23.04,68.82,5.45,22.68,0.77,94.25
2025-06-22,27.1,31.41,22.93,69.4,5.28,20.26,0.1,94.18
2025-06-23,26.83,31.8,22.78,69.26,6.31,12.92,0.59,94.07
2025-06-24,26.43,32.14,22.36,72.66,6.37,11.06,2.01,93.95
2025-06-25,25.42,28.48,22.89,79.88,5.45,15.12,16.8,93.96
2025-06-26,25.45,28.75,22.72,79.07,4.97,14.5,4.42,94.03
2025-06-27,26.56,31.57,22.14,73.34,5.02,19.7,0.08,94.13
2025-06-28,27.33,32.75,22.74,69.0,5.25,19.27,0.0,94.19
2025-06-29,25.89,30.94,22.46,75.92,4.95,16.51,1.67,94.14
2025-06-30,24.67,28.23,22.26,81.4,5.41,11.74,12.09,94.15
2025-07-01,24.73,28.41,22.35,81.8,5.98,9.86,9.19,94.12
2025-07-02,25.1,29.51,22.08,80.31,5.39,6.94,6.23,94.07
2025-07-03,25.59,30.37,21.99,77.32,5.2,14.86,0.35,94.13
2025-07-04,25.92,31.11,22.29,76.52,5.67,15.79,1.67,94.24
2025-07-05,25.93,30.55,22.13,76.25,6.04,17.43,0.79,94.18
2025-07-06,25.97,30.31,22.65,75.37,5.86,16.68,0.45,94.09
2025-07-07,25.41,29.45,22.15,76.77,5.86,12.49,1.81,94.1
2025-07-08,25.61,30.63,21.97,76.27,5.67,14.83,2.1,94.17
2025-07-09,26.42,31.63,22.2,72.96,5.04,16.58,1.79,94.21
2025-07-10,26.62,32.29,22.28,72.56,3.61,18.07,0.26,94.18
2025-07-11,26.9,32.23,22.35,72.1,3.29,18.15,0.57,94.17
2025-07-12,27.39,33.27,22.33,69.82,4.01,19.39,0.45,94.19
2025-07-13,27.02,31.84,22.62,69.59,4.34,19.89,0.23,94.18
2025-07-14,27.59,33.8,22.4,67.84,4.67,20.83,0.07,94.13
2025-07-15,27.17,32.28,22.68,71.14,4.32,17.69,1.69,94.07
2025-07-16,27.44,32.98,23.03,72.37,3.28,18.49,1.67,94.04
2025-07-17,27.67,32.39,23.97,73.55,1.26,16.55,9.31,94.08
2025-07-18,25.83,28.49,23.76,85.21,1.11,15.75,14.56,94.14
2025-07-19,25.35,29.76,22.34,83.08,2.65,16.47,25.8,93.96
2025-07-20,25.95,30.82,21.79,76.57,2.6,17.25,9.21,93.9
2025-07-21,25.67,30.09,22.91,84.48,3.27,13.65,22.96,93.98
2025-07-22,25.61,29.4,22.93,84.44,4.15,14.83,15.28,93.97
2025-07-23,24.89,28.34,22.72,85.7,4.55,8.52,20.72,93.9
2025-07-24,24.1,27.06,21.89,87.68,4.61,7.91,12.85,93.85
2025-07-25,24.33,27.03,22.15,88.4,5.31,10.59,16.72,93.79
2025-07-26,24.07,26.8,22.05,86.95,6.19,5.29,11.87,93.89
2025-07-27,25.27,30.47,21.43,78.08,6.04,17.9,1.28,94.03
2025-07-28,25.37,30.79,20.98,76.42,6.1,17.2,0.01,94.06
2025-07-29,24.97,30.13,20.8,76.75,6.38,16.92,0.24,94.1
2025-07-30,25.03,30.2,21.31,79.99,5.06,14.01,1.87,94.13
2025-07-31,26.03,31.46,21.62,77.42,4.28,17.22,0.11,94.22
2025-08-01,26.05,31.0,21.67,77.01,3.51,18.88,0.01,94.26
2025-08-02,26.41,30.77,22.23,76.06,2.64,19.73,0.04,94.27
2025-08-03,25.93,29.16,22.66,81.08,1.87,19.12,6.54,94.37
2025-08-04,26.23,29.19,22.87,81.19,1.19,17.39,7.95,94.42
2025-08-05,26.21,29.59,23.44,84.99,0.64,17.01,27.85,94.37
2025-08-06,25.84,29.14,23.08,84.39,1.35,20.56,1.96,94.3
2025-08-07,25.48,27.58,23.85,84.11,0.61,15.98,28.62,94.31
2025-08-08,25.05,28.14,22.06,84.8,1.28,13.97,12.62,94.43
2025-08-09,25.2,29.18,21.65,83.06,1.46,15.98,13.75,94.54
2025-08-10,24.35,27.92,21.55,86.79,1.45,14.71,13.33,94.46
2025-08-11,25.01,28.94,21.85,84.22,2.8,15.63,11.93,94.41
2025-08-12,24.16,27.41,22.17,87.18,3.38,15.31,11.94,94.29
2025-08-13,23.62,26.62,21.7,91.03,3.3,9.29,24.3,94.1
2025-08-14,24.42,28.72,21.64,88.0,2.9,12.1,14.56,94.07
2025-08-15,23.27,25.6,21.24,92.12,4.16,14.47,20.25,93.95
2025-08-16,23.68,25.91,22.35,92.0,3.79,7.32,7.5,93.84
2025-08-17,24.5,28.64,21.36,88.47,3.71,12.7,23.23,93.83
2025-08-18,23.26,25.53,21.69,91.9,5.11,7.84,31.53,93.98
2025-08-19,23.73,27.14,21.54,90.85,4.79,10.8,13.01,94.01
2025-08-20,24.17,28.23,21.27,87.02,4.69,13.21,2.71,94.19
2025-08-21,24.73,29.3,20.95,85.37,3.92,17.76,0.25,94.45
2025-08-22,24.27,28.2,21.22,86.13,3.79,19.12,0.01,94.44
2025-08-23,24.39,28.54,21.08,84.67,4.31,19.83,0.0,94.37
2025-08-24,24.16,28.54,20.52,83.91,4.41,17.23,0.0,94.43
2025-08-25,24.36,29.18,20.41,83.25,3.98,20.82,0.0,94.39
2025-08-26,23.68,26.56,21.26,89.97,3.36,9.31,32.13,94.34
2025-08-27,23.37,25.21,21.83,93.35,3.96,3.54,70.9,94.16
2025-08-28,23.44,25.63,22.02,93.18,4.21,7.77,36.11,94.02
2025-08-29,24.54,28.58,22.0,87.56,3.34,15.6,4.42,94.11
2025-08-30,24.98,28.76,21.93,87.52,2.76,17.39,5.22,94.32
2025-08-31,24.36,27.52,22.1,89.61,3.14,14.7,3.1,94.29
2025-09-01,24.67,28.24,22.15,88.21,3.7,12.22,6.33,94.15
2025-09-02,23.73,27.09,21.47,91.25,3.31,11.65,6.0,94.09
2025-09-03,23.71,26.57,21.92,90.48,2.67,18.17,1.19,94.05
2025-09-04,24.33,28.32,21.37,86.06,3.2,19.95,0.52,94.16
2025-09-05,24.23,28.46,20.57,86.25,3.1,19.36,0.05,94.32
2025-09-06,24.53,28.66,20.59,85.54,2.53,19.78,0.25,94.43
2025-09-07,24.42,28.71,20.75,82.87,2.56,20.54,0.07,94.45
2025-09-08,23.99,27.76,21.31,85.97,2.47,21.86,0.6,94.45
2025-09-09,25.04,29.13,20.5,81.03,1.03,20.89,0.4,94.52
2025-09-10,24.73,28.01,21.35,87.81,1.5,14.91,9.4,94.5
2025-09-11,23.8,26.39,22.33,92.14,2.8,8.2,36.83,94.44
2025-09-12,22.82,24.77,21.44,94.05,3.08,9.83,6.43,94.44
2025-09-13,23.97,27.32,21.73,91.94,2.81,9.43,10.91,94.39
2025-09-14,25.1,28.19,22.38,90.19,1.43,14.89,7.15,94.35
2025-09-15,24.66,27.01,22.86,91.83,2.29,14.72,9.91,94.3
2025-09-16,25.23,29.05,22.01,88.64,1.17,14.15,9.3,94.31
2025-09-17,25.29,29.03,22.13,88.16,1.09,15.76,30.25,94.38
2025-09-18,25.57,29.18,22.08,85.97,0.85,18.88,6.63,94.37
2025-09-19,25.28,28.7,21.99,87.39,1.31,16.76,5.7,94.45
2025-09-20,25.14,28.69,22.06,89.59,1.68,17.4,18.23,94.41
2025-09-21,24.7,27.42,22.75,93.17,1.72,18.0,30.63,94.39
2025-09-22,24.27,27.46,22.01,91.32,2.05,13.71,17.8,94.41
2025-09-23,24.18,27.4,21.92,90.43,2.37,13.07,6.6,94.43
2025-09-24,23.52,26.9,21.11,91.09,3.32,15.0,0.2,94.3
2025-09-25,22.87,25.0,21.65,92.21,3.82,7.35,19.8,94.24
2025-09-26,23.8,27.13,21.47,93.41,3.38,8.91,27.0,94.1
2025-09-27,23.54,25.41,22.25,93.64,2.66,7.57,25.9,94.04
2025-09-28,23.51,27.41,20.48,91.17,3.67,7.27,1.84,94.13
2025-09-29,23.49,27.57,20.21,88.56,2.66,19.39,0.97,94.31
2025-09-30,23.62,27.5,20.23,88.57,2.71,19.3,1.69,94.28
2025-10-01,23.96,28.31,20.27,87.2,2.71,20.21,0.1,94.26
2025-10-02,23.57,26.7,21.71,88.45,2.72,13.12,0.04,94.42
2025-10-03,24.01,27.76,21.19,88.03,2.56,19.41,0.06,94.59
2025-10-04,23.18,25.9,21.03,91.66,2.11,15.96,4.28,94.72
2025-10-05,24.1,27.53,21.37,89.52,1.65,12.86,5.59,94.69
2025-10-06,23.82,26.82,21.5,91.24,1.32,17.6,5.04,94.74
2025-10-07,23.92,27.32,21.14,89.55,1.72,17.83,4.85,94.78
2025-10-08,24.14,27.65,20.87,88.25,1.28,18.8,12.91,94.77
2025-10-09,23.46,27.1,20.98,89.36,1.97,17.8,8.16,94.82
2025-10-10,22.23,27.55,18.1,83.34,1.92,19.71,0.01,94.7
2025-10-11,21.45,27.1,16.46,84.06,2.35,18.68,0.0,94.69
2025-10-12,21.96,27.53,16.59,88.48,2.14,21.24,0.41,94.66
2025-10-13,23.02,27.41,19.96,90.28,2.41,12.72,0.38,94.71
2025-10-14,23.63,28.2,20.21,89.72,1.84,13.11,1.43,94.56
2025-10-15,23.64,27.86,20.41,88.71,2.27,19.21,0.32,94.56
2025-10-16,23.14,28.08,19.03,86.94,2.0,21.6,0.0,94.63
2025-10-17,22.55,27.15,19.21,88.44,2.07,18.98,0.0,94.77
2025-10-18,22.27,27.7,17.71,85.83,1.75,18.91,0.0,94.72
2025-10-19,22.37,27.54,17.7,87.81,2.15,15.98,0.4,94.59
2025-10-20,22.97,27.08,19.94,88.85,1.66,15.69,1.58,94.57
2025-10-21,23.33,27.67,19.89,89.32,2.29,16.5,2.86,94.66
2025-10-22,23.68,27.57,21.03,88.89,2.8,16.96,1.27,94.69
2025-10-23,23.27,27.13,20.52,88.9,2.64,14.43,2.74,94.65
2025-10-24,23.31,27.18,20.81,90.0,2.11,10.83,3.37,94.65
2025-10-25,23.55,27.63,20.7,88.14,1.47,11.29,8.28,94.65
2025-10-26,23.79,28.32,20.57,86.56,1.73,16.61,0.11,94.68
2025-10-27,23.73,27.79,20.27,88.5,1.61,18.18,1.12,94.63
2025-10-28,23.08,24.92,21.5,93.42,2.88,10.58,21.68,94.37
2025-10-29,23.68,25.99,22.34,93.39,3.1,1.8,22.0,94.18
2025-10-30,23.87,28.12,21.06,88.42,3.61,15.42,4.58,94.45
2025-10-31,22.99,27.28,18.5,83.88,2.34,19.68,0.0,94.73
2025-11-01,23.96,28.23,20.08,85.05,1.61,17.06,0.02,94.8
2025-11-02,24.47,29.19,21.14,89.08,2.01,14.91,3.92,94.8
2025-11-03,24.36,28.23,21.77,88.41,2.18,15.81,4.43,94.79
2025-11-04,23.73,27.89,20.95,88.68,1.89,11.58,2.04,94.75
2025-11-05,22.49,26.7,19.66,88.3,1.81,15.84,0.44,94.68
2025-11-06,21.61,26.59,18.43,83.95,2.07,15.85,0.01,94.76
2025-11-07,20.63,26.5,16.3,79.93,1.98,19.63,0.0,94.9
2025-11-08,19.08,25.36,14.05,77.84,1.79,20.3,0.0,95.0
2025-11-09,17.76,24.02,12.42,80.23,1.78,20.07,0.0,94.92
2025-11-10,18.21,24.87,11.94,74.19,1.25,19.8,0.0,94.92
2025-11-11,18.42,25.18,13.07,75.68,1.59,18.29,0.0,94.97
2025-11-12,18.15,25.06,13.1,75.37,1.98,19.11,0.0,95.05
2025-11-13,16.83,24.31,11.37,73.89,1.9,20.59,0.0,95.13
2025-11-14,16.33,24.06,9.77,80.79,1.87,19.72,0.0,95.07
2025-11-15,16.57,23.96,10.53,78.98,1.6,19.3,0.0,95.17
2025-11-16,16.36,23.7,10.89,79.59,2.05,19.1,0.0,95.25
2025-11-17,15.04,22.66,9.5,80.56,2.12,19.63,0.0,95.18
2025-11-18,15.49,23.78,8.48,79.53,1.75,19.58,0.0,95.03
2025-11-19,16.1,24.35,9.83,77.57,1.41,19.54,0.0,95.01
2025-11-20,16.4,24.33,9.55,81.3,1.77,19.81,0.0,95.08
2025-11-21,18.86,26.42,12.49,86.52,1.54,17.29,0.0,95.18
2025-11-22,20.44,27.16,14.51,85.02,1.55,17.2,0.0,95.13
2025-11-23,20.55,27.01,15.71,82.58,1.56,17.1,0.0,95.1
2025-11-24,19.82,26.32,15.1,82.61,1.81,17.62,0.0,95.1
2025-11-25,19.7,26.1,14.92,86.35,1.72,16.4,0.0,95.11
2025-11-26,19.33,25.68,14.69,86.05,1.89,15.55,0.0,95.11
2025-11-27,19.05,25.64,14.37,85.91,1.83,14.97,0.0,95.15
2025-11-28,17.19,23.67,12.58,80.8,2.27,17.69,0.0,95.03
2025-11-29,17.64,24.35,10.59,81.62,1.79,14.03,0.0,94.92
2025-11-30,18.16,22.43,15.34,88.31,2.3,12.83,0.0,94.9
2025-12-01,19.28,25.77,14.28,85.31,1.81,16.2,0.0,94.87
2025-12-02,19.09,24.75,15.12,85.78,1.81,15.71,0.0,94.9
2025-12-03,19.44,25.89,13.78,84.54,2.04,13.62,0.0,95.01
2025-12-04,20.29,26.02,16.05,87.17,2.13,13.77,0.0,95.12
2025-12-05,18.52,24.11,14.38,78.88,2.24,15.24,0.0,95.25
2025-12-06,17.11,23.5,12.06,82.1,1.94,16.68,0.0,95.27
2025-12-07,17.29,24.09,12.35,75.02,1.92,17.06,0.0,95.23
2025-12-08,16.19,24.2,10.23,73.99,1.89,16.82,0.0,95.19
2025-12-09,15.7,24.34,10.41,70.72,2.18,19.3,0.0,95.15
2025-12-10,15.42,24.3,9.07,68.99,2.34,18.84,0.0,95.21
2025-12-11,15.04,24.12,8.02,66.18,1.97,19.24,0.0,95.15
2025-12-12,15.96,24.53,9.22,66.95,1.72,19.14,0.0,95.06
2025-12-13,17.37,25.21,12.1,65.46,1.31,18.39,0.0,95.04
2025-12-14,17.21,24.88,11.51,72.84,1.35,17.39,0.0,95.09
2025-12-15,16.92,24.74,11.15,75.36,1.48,16.91,0.0,95.1
2025-12-16,17.21,25.24,10.95,76.84,1.53,16.96,0.0,95.1
2025-12-17,17.37,25.71,10.89,76.79,1.66,16.36,0.0,95.22
2025-12-18,16.21,25.17,9.78,71.92,2.06,18.34,0.0,95.18
2025-12-19,15.36,23.86,8.86,67.56,2.18,18.55,0.0,95.01
2025-12-20,15.43,23.66,8.44,69.55,1.92,17.38,0.0,94.9
2025-12-21,16.9,24.63,11.09,75.31,1.68,16.21,0.0,94.98
2025-12-22,17.35,24.74,11.41,77.59,1.57,16.66,0.0,95.0
2025-12-23,16.64,24.4,10.5,72.73,1.75,15.69,0.0,94.95
2025-12-24,15.91,23.94,9.47,75.97,1.87,15.56,0.0,94.95
2025-12-25,16.65,23.92,11.64,69.08,1.39,17.06,0.0,95.02
2025-12-26,16.68,24.27,10.93,73.04,1.51,16.44,0.0,95.0
2025-12-27,17.01,24.41,12.36,73.41,1.31,16.72,0.0,95.04
2025-12-28,16.6,24.26,11.12,72.02,1.37,16.8,0.0,95.1
2025-12-29,16.93,24.89,11.12,69.67,1.44,17.58,0.0,95.07
2025-12-30,17.92,25.84,12.39,63.47,1.04,17.8,0.0,94.97
2025-12-31,18.67,26.54,11.9,68.82,1.26,14.82,0.0,94.78
