date,season_year,days_after_sowing,crop_stage,kc,temp_mean_c,temp_max_c,temp_min_c,relative_humidity_pct,wind_speed_2m_m_s,solar_radiation_mj_m2_day_raw,solar_radiation_mj_m2_day,rainfall_mm,surface_pressure_kpa,eto_mm_day,etc_mm_day,effective_rain_ratio,effective_rain_mm,irrigation_requirement_mm
2021-06-15,2021,1,initial,0.3,26.95,33.13,22.23,67.64,5.42,19.19,19.19,4.52,93.86,6.027521063917221,1.8082563191751662,0.40529595015576325,1.8319376947040498,0.0
2021-06-16,2021,2,initial,0.3,25.79,30.11,21.81,72.54,5.41,17.88,17.88,3.11,94.0,5.061200876907971,1.5183602630723911,0.40529595015576325,1.2604704049844238,0.2578898580879674
2021-06-17,2021,3,initial,0.3,25.92,30.1,22.31,74.16,5.56,18.76,18.76,2.13,94.09,5.079504306599397,1.5238512919798188,0.40529595015576325,0.8632803738317757,0.6605709181480431
2021-06-18,2021,4,initial,0.3,27.0,31.59,23.11,70.93,5.86,14.63,14.63,0.98,94.2,5.1350817835275535,1.540524535058266,0.40529595015576325,0.397190031152648,1.143334503905618
2021-06-19,2021,5,initial,0.3,26.78,31.85,22.95,71.59,5.55,15.52,15.52,3.09,94.34,5.13294962975736,1.5398848889272079,0.40529595015576325,1.2523644859813083,0.28752040294589953
2021-06-20,2021,6,initial,0.3,26.91,32.3,22.66,69.02,5.01,23.63,23.63,0.16,94.39,6.282551836513455,1.8847655509540364,0.40529595015576325,0.06484735202492212,1.8199181989291142
2021-06-21,2021,7,initial,0.3,27.17,32.29,22.43,67.83,3.83,22.88,22.88,0.0,94.36,5.948808982417513,1.7846426947252538,0.40529595015576325,0.0,1.7846426947252538
2021-06-22,2021,8,initial,0.3,26.96,31.31,23.33,68.79,3.3,19.64,19.64,0.02,94.28,5.246434195821915,1.5739302587465744,0.40529595015576325,0.008105919003115265,1.5658243397434592
2021-06-23,2021,9,initial,0.3,26.19,30.74,22.96,70.23,3.62,13.51,13.51,2.18,94.29,4.361790306946129,1.3085370920838386,0.40529595015576325,0.883545171339564,0.4249919207442746
2021-06-24,2021,10,initial,0.3,26.76,31.62,22.85,66.57,4.41,13.04,13.04,1.04,94.31,4.899481495728626,1.4698444487185878,0.40529595015576325,0.4215077881619938,1.048336660556594
2021-06-25,2021,11,initial,0.3,26.82,33.65,21.64,65.23,4.61,18.67,18.67,0.37,94.22,5.957558245023312,1.7872674735069938,0.40529595015576325,0.1499595015576324,1.6373079719493613
2021-06-26,2021,12,initial,0.3,25.19,28.26,22.2,77.84,3.62,18.5,18.5,5.38,94.18,4.320140803819373,1.296042241145812,0.40529595015576325,2.1804922118380063,0.0
2021-06-27,2021,13,initial,0.3,25.47,29.56,22.07,79.98,2.98,8.54,8.54,12.1,94.25,2.7804018309850673,0.8341205492955202,0.40529595015576325,4.904080996884735,0.0
2021-06-28,2021,14,initial,0.3,26.3,29.82,22.78,79.31,1.54,15.64,15.64,10.66,94.28,3.613946855888547,1.0841840567665642,0.40529595015576325,4.320454828660436,0.0
2021-06-29,2021,15,initial,0.3,27.25,31.24,22.73,73.08,1.75,21.38,21.38,4.16,94.27,4.835746802794371,1.4507240408383113,0.40529595015576325,1.6860311526479752,0.0
2021-06-30,2021,16,initial,0.3,27.92,33.0,23.39,72.68,3.1,21.3,21.3,1.46,94.23,5.355616273820977,1.6066848821462931,0.40529595015576325,0.5917320872274143,1.0149527949188788
2021-07-01,2021,17,initial,0.3,25.8,28.61,23.5,81.41,2.73,12.74,12.74,16.41,94.16,3.26173025197516,0.9785190755925479,0.7139858936865646,11.716508515396525,0.0
2021-07-02,2021,18,initial,0.3,25.51,29.83,22.23,77.63,3.54,11.25,11.25,0.81,94.23,3.4454802618592386,1.0336440785577716,0.7139858936865646,0.5783285738861174,0.45531550467165427
2021-07-03,2021,19,initial,0.3,27.0,32.04,22.52,71.66,2.8,21.42,21.42,0.05,94.27,5.218290084630291,1.5654870253890871,0.7139858936865646,0.03569929468432823,1.529787730704759
2021-07-04,2021,20,initial,0.3,27.0,31.75,22.98,74.09,2.99,21.94,21.94,0.46,94.3,5.215474006519727,1.564642201955918,0.7139858936865646,0.32843351109581975,1.2362086908600984
2021-07-05,2021,21,development,0.3257142857142857,27.51,32.16,23.39,74.01,1.67,17.52,17.52,1.28,94.24,4.247894007221416,1.3835997623521181,0.7139858936865646,0.9139019439188028,0.4696978184333154
2021-07-06,2021,22,development,0.3514285714285714,26.58,30.13,24.09,80.43,1.52,20.63,20.63,16.06,94.15,4.445634694283747,1.562323049705431,0.7139858936865646,11.466613452606227,0.0
2021-07-07,2021,23,development,0.3771428571428571,27.07,31.16,23.39,79.3,1.83,20.3,20.3,8.21,94.13,4.510339174873163,1.7010422030950214,0.7139858936865646,5.861824187166696,0.0
2021-07-08,2021,24,development,0.4028571428571428,25.44,27.88,23.66,85.88,0.91,11.11,11.11,18.8,94.18,2.5628999823914858,1.0324825643348556,0.7139858936865646,13.422934801307415,0.0
2021-07-09,2021,25,development,0.42857142857142855,25.32,29.29,22.57,84.3,1.66,17.32,17.32,13.42,93.98,3.7014491398974796,1.5863353456703484,0.7139858936865646,9.581690693273698,0.0
2021-07-10,2021,26,development,0.4542857142857143,25.4,29.68,22.42,82.05,2.39,13.75,13.75,7.67,93.84,3.3354526797968176,1.5152485031076972,0.7139858936865646,5.47627180457595,0.0
2021-07-11,2021,27,development,0.48,24.51,28.1,22.27,88.65,3.24,4.78,4.78,10.64,93.77,1.7166291133961487,0.8239819744301513,0.7139858936865646,7.596809908825048,0.0
2021-07-12,2021,28,development,0.5057142857142857,25.07,28.77,22.15,85.69,3.16,13.4,13.4,20.59,93.81,3.12716580853752,1.5814524231746885,0.7139858936865646,14.700969551006365,0.0
2021-07-13,2021,29,development,0.5314285714285714,24.42,27.77,22.49,87.26,4.37,12.55,12.55,17.38,93.84,2.9361026074820065,1.560328814261866,0.7139858936865646,12.409074832272493,0.0
2021-07-14,2021,30,development,0.5571428571428572,24.21,27.95,21.31,85.51,4.95,11.45,11.45,35.88,93.89,2.9386751416270354,1.6372618646207768,0.7139858936865646,25.61781386547394,0.0
2021-07-15,2021,31,development,0.5828571428571427,25.61,30.07,22.45,84.4,3.41,14.25,14.25,13.47,93.86,3.4193526550241446,1.9929941189283582,0.7139858936865646,9.617389987958026,0.0
2021-07-16,2021,32,development,0.6085714285714285,26.6,31.55,22.83,81.37,0.97,16.48,16.48,6.1,94.13,3.666446971621063,2.2312948713008183,0.7139858936865646,4.355313951488044,0.0
2021-07-17,2021,33,development,0.6342857142857142,26.37,29.96,22.75,84.38,2.07,20.89,20.89,11.0,94.18,4.352545494104956,2.760757427689429,0.7139858936865646,7.853844830552211,0.0
2021-07-18,2021,34,development,0.6599999999999999,26.09,29.38,23.56,86.98,2.46,16.23,16.23,17.94,94.0,3.523410561221426,2.325450970406141,0.7139858936865646,12.80890693273697,0.0
2021-07-19,2021,35,development,0.6857142857142857,25.5,29.51,22.85,84.23,4.91,17.52,17.52,5.1,93.97,3.9607181427015203,2.7159210121381854,0.7139858936865646,3.6413280578014793,0.0
2021-07-20,2021,36,development,0.7114285714285713,24.5,27.43,22.27,85.71,5.16,15.61,15.61,7.06,94.25,3.4494926101196572,2.454067599770841,0.7139858936865646,5.040740409427146,0.0
2021-07-21,2021,37,development,0.7371428571428571,23.78,26.51,22.25,86.95,6.76,6.31,6.31,19.38,94.08,2.3067136942837987,1.7003775232149143,0.7139858936865646,13.837046619645621,0.0
2021-07-22,2021,38,development,0.7628571428571427,23.91,26.07,22.27,89.89,6.87,4.44,4.44,31.1,93.71,1.7893394223884864,1.3650103593649308,0.7139858936865646,22.20496129365216,0.0
2021-07-23,2021,39,development,0.7885714285714285,24.26,27.79,21.63,86.61,4.7,11.72,11.72,8.54,93.81,2.869676598925352,2.262944975152563,0.7139858936865646,6.0974395320832615,0.0
2021-07-24,2021,40,development,0.8142857142857143,25.87,31.35,21.7,79.11,4.59,18.8,18.8,1.46,93.93,4.599204279349077,3.7450663417556767,0.7139858936865646,1.0424194047823843,2.7026469369732924
2021-07-25,2021,41,development,0.8399999999999999,26.03,30.88,22.3,82.17,4.44,19.26,19.26,0.68,94.04,4.399005704685611,3.6951647919359125,0.7139858936865646,0.485510407706864,3.2096543842290486
2021-07-26,2021,42,development,0.8657142857142857,26.01,30.5,22.53,81.04,5.24,20.23,20.23,0.44,94.07,4.659374678663658,4.033687221814538,0.7139858936865646,0.3141537932220884,3.7195334285924493
2021-07-27,2021,43,development,0.8914285714285715,25.13,29.22,22.0,81.81,4.71,21.74,21.74,0.03,94.07,4.6137895913503595,4.112863864289463,0.7139858936865646,0.02141957681059694,4.091444287478866
2021-07-28,2021,44,development,0.917142857142857,25.27,29.56,21.49,79.5,5.03,20.78,20.78,0.02,94.15,4.699001354761993,4.30965552822457,0.7139858936865646,0.014279717873731293,4.295375810350839
2021-07-29,2021,45,development,0.9428571428571428,24.59,28.9,21.63,81.97,5.65,13.53,13.53,0.0,94.19,3.6203095546314636,3.413434722938237,0.7139858936865646,0.0,3.413434722938237
2021-07-30,2021,46,development,0.9685714285714284,23.69,26.43,21.38,87.33,4.36,15.97,15.97,0.63,94.26,3.2527403730545092,3.150511389901367,0.7139858936865646,0.44981111302253574,2.7007002768788313
2021-07-31,2021,47,development,0.9942857142857142,24.07,27.35,21.53,84.43,4.77,14.83,14.83,0.04,94.31,3.3978773749310176,3.3784609327885544,0.7139858936865646,0.028559435747462586,3.349901497041092
2021-08-01,2021,48,development,1.02,25.33,29.57,21.78,79.26,5.08,15.87,15.87,0.01,94.19,4.13354753855263,4.2162184893236825,0.655047254595002,0.00655047254595002,4.209668016777733
2021-08-02,2021,49,development,1.0457142857142856,25.3,30.3,21.25,79.34,4.84,18.72,18.72,0.12,94.22,4.48345898346287,4.688417108421172,0.655047254595002,0.07860567055140023,4.609811437869771
2021-08-03,2021,50,development,1.0714285714285714,25.56,30.41,21.31,79.57,4.4,17.63,17.63,0.03,94.34,4.289608284099185,4.596008875820556,0.655047254595002,0.01965141763785006,4.576357458182706
2021-08-04,2021,51,development,1.097142857142857,25.87,30.26,22.41,80.14,4.49,17.82,17.82,0.0,94.34,4.323198700069882,4.743166573790956,0.655047254595002,0.0,4.743166573790956
2021-08-05,2021,52,development,1.1228571428571428,24.64,27.51,22.08,85.5,3.8,16.77,16.77,0.87,94.2,3.56034803497226,3.9977622221259947,0.655047254595002,0.5698911114976517,3.427871110628343
2021-08-06,2021,53,development,1.1485714285714284,25.91,30.49,21.98,80.1,4.01,17.19,17.19,0.24,94.12,4.183091430268707,4.804579299908628,0.655047254595002,0.15721134110280047,4.647367958805828
2021-08-07,2021,54,development,1.1742857142857142,26.27,30.73,22.41,79.75,2.82,22.76,22.76,0.62,94.22,4.896909879966949,5.750371316189759,0.655047254595002,0.4061292978489012,5.344242018340858
2021-08-08,2021,55,development,1.2,25.78,29.57,22.88,82.95,2.02,19.29,19.29,0.86,94.35,4.104057097077282,4.924868516492738,0.655047254595002,0.5633406389517017,4.361527877541037
2021-08-09,2021,56,mid_season,1.2,25.36,28.15,23.15,87.68,1.79,18.24,18.24,0.21,94.4,3.7094963023811203,4.4513955628573445,0.655047254595002,0.1375599234649504,4.313835639392394
2021-08-10,2021,57,mid_season,1.2,25.5,28.79,22.62,85.7,1.97,17.31,17.31,1.41,94.33,3.6477511334231494,4.377301360107779,0.655047254595002,0.9236166289789528,3.4536847311288263
2021-08-11,2021,58,mid_season,1.2,25.54,29.37,22.49,84.36,2.21,20.2,20.2,0.25,94.33,4.170738124505804,5.004885749406965,0.655047254595002,0.1637618136487505,4.8411239357582145
2021-08-12,2021,59,mid_season,1.2,24.85,28.06,22.21,86.74,2.06,19.95,19.95,0.88,94.42,3.9504285594674484,4.740514271360938,0.655047254595002,0.5764415840436018,4.164072687317336
2021-08-13,2021,60,mid_season,1.2,24.41,27.45,21.97,85.61,2.23,15.87,15.87,2.92,94.33,3.347197099741941,4.016636519690329,0.655047254595002,1.9127379834174059,2.103898536272923
2021-08-14,2021,61,mid_season,1.2,25.02,29.06,21.93,83.63,2.62,18.38,18.38,0.03,94.17,3.9025159186617207,4.683019102394065,0.655047254595002,0.01965141763785006,4.663367684756214
2021-08-15,2021,62,mid_season,1.2,25.02,28.77,22.63,82.7,2.86,18.05,18.05,0.26,94.17,3.927160137969885,4.712592165563862,0.655047254595002,0.17031228619470054,4.542279879369161
2021-08-16,2021,63,mid_season,1.2,23.9,27.03,21.8,87.87,2.94,9.51,9.51,4.3,94.29,2.3510687965945785,2.821282555913494,0.655047254595002,2.8167031947585084,0.004579361154985584
2021-08-17,2021,64,mid_season,1.2,23.74,27.99,21.12,88.06,3.3,6.99,6.99,15.66,94.28,2.0362255002835865,2.4434706003403037,0.655047254595002,10.258040006957732,0.0
2021-08-18,2021,65,mid_season,1.2,24.6,29.35,21.11,83.72,3.19,11.12,11.12,13.87,94.12,2.9068897624179875,3.488267714901585,0.655047254595002,9.085505421232677,0.0
2021-08-19,2021,66,mid_season,1.2,23.78,27.02,21.45,88.35,3.78,13.02,13.02,1.95,94.09,2.8177806706599124,3.381336804791895,0.655047254595002,1.277342146460254,2.103994658331641
2021-08-20,2021,67,mid_season,1.2,24.06,28.13,21.5,87.16,2.28,11.44,11.44,0.65,94.23,2.636523802989301,3.163828563587161,0.655047254595002,0.42578071548675134,2.73804784810041
2021-08-21,2021,68,mid_season,1.2,24.03,28.41,20.67,85.66,2.45,13.53,13.53,10.24,94.4,3.0073014521906716,3.608761742628806,0.655047254595002,6.707683887052821,0.0
2021-08-22,2021,69,mid_season,1.2,24.43,28.58,21.2,84.44,2.05,22.1,22.1,11.66,94.44,4.312596309614188,5.175115571537025,0.655047254595002,7.637850988577724,0.0
2021-08-23,2021,70,mid_season,1.2,25.28,28.78,21.07,82.22,1.06,21.41,21.41,12.18,94.42,4.265952761257695,5.119143313509233,0.655047254595002,7.978475560967125,0.0
2021-08-24,2021,71,mid_season,1.2,26.32,30.73,21.86,81.52,1.27,21.42,21.42,7.28,94.36,4.440319382978531,5.328383259574237,0.655047254595002,4.768744013451615,0.5596392461226225
2021-08-25,2021,72,mid_season,1.2,25.44,28.84,23.19,89.03,1.72,19.26,19.26,13.57,94.25,3.8437900979553192,4.612548117546383,0.655047254595002,8.888991244854177,0.0
2021-08-26,2021,73,mid_season,1.2,24.19,27.21,22.05,89.69,2.19,15.23,15.23,8.16,94.18,3.0647257045118135,3.677670845414176,0.655047254595002,5.345185597495217,0.0
2021-08-27,2021,74,mid_season,1.2,24.89,28.95,22.01,85.96,1.4,11.6,11.6,3.05,94.11,2.664535742745397,3.1974428912944766,0.655047254595002,1.997894126514756,1.1995487647797205
2021-08-28,2021,75,mid_season,1.2,25.18,29.83,21.24,83.22,1.27,11.55,11.55,5.88,93.98,2.726690040064385,3.2720280480772623,0.655047254595002,3.8516778570186117,0.0
2021-08-29,2021,76,mid_season,1.2,24.55,27.82,22.21,90.99,2.13,14.92,14.92,26.33,93.85,2.9989304766643965,3.598716571997276,0.655047254595002,17.247394213486402,0.0
2021-08-30,2021,77,mid_season,1.2,23.33,26.54,21.39,88.97,4.18,6.18,6.18,12.17,93.92,1.9000371380544956,2.2800445656653947,0.655047254595002,7.971925088421174,0.0
2021-08-31,2021,78,mid_season,1.2,23.37,27.13,20.53,88.6,3.44,9.94,9.94,16.81,94.05,2.356322737528019,2.8275872850336228,0.655047254595002,11.011344349741982,0.0
2021-09-01,2021,79,mid_season,1.2,24.64,28.89,20.79,83.26,2.09,16.49,16.49,0.1,94.36,3.5276834044849377,4.233220085381925,0.7039975423370839,0.0703997542337084,4.162820331148216
2021-09-02,2021,80,mid_season,1.2,25.51,29.59,21.31,81.94,1.45,17.4,17.4,4.58,94.32,3.7021556019205852,4.442586722304702,0.7039975423370839,3.2243087439038445,1.2182779784008573
2021-09-03,2021,81,mid_season,1.2,24.15,26.89,22.18,90.33,2.43,12.28,12.28,19.06,94.2,2.5909756362450023,3.1091707634940025,0.7039975423370839,13.418193156944819,0.0
2021-09-04,2021,82,mid_season,1.2,23.87,26.7,21.63,91.91,2.81,17.41,17.41,24.19,94.17,3.2027840693829837,3.84334088325958,0.7039975423370839,17.02970054913406,0.0
2021-09-05,2021,83,mid_season,1.2,23.7,26.94,21.88,92.02,2.63,13.9,13.9,25.71,94.14,2.719090512468731,3.2629086149624773,0.7039975423370839,18.09977681348643,0.0
2021-09-06,2021,84,mid_season,1.2,23.2,25.15,21.75,93.89,2.82,5.51,5.51,22.94,94.07,1.4167514353385617,1.700101722406274,0.7039975423370839,16.149703621212705,0.0
2021-09-07,2021,85,mid_season,1.2,23.78,27.49,21.55,90.16,3.73,8.94,8.94,16.55,93.95,2.1666098130945874,2.5999317757135048,0.7039975423370839,11.651159325678739,0.0
2021-09-08,2021,86,mid_season,1.2,24.39,29.08,20.81,87.23,4.65,16.06,16.06,1.0,94.08,3.363552133053212,4.036262559663854,0.7039975423370839,0.7039975423370839,3.33226501732677
2021-09-09,2021,87,mid_season,1.2,24.87,29.02,21.08,85.16,4.12,19.03,19.03,0.03,94.31,3.89457855570324,4.673494266843888,0.7039975423370839,0.021119926270112516,4.652374340573775
2021-09-10,2021,88,mid_season,1.2,25.2,29.51,21.72,85.0,3.6,18.89,18.89,0.01,94.3,3.9288461684591574,4.714615402150988,0.7039975423370839,0.007039975423370839,4.707575426727617
2021-09-11,2021,89,mid_season,1.2,25.41,29.58,22.16,85.55,3.59,17.34,17.34,0.62,94.2,3.7065002599127013,4.447800311895241,0.7039975423370839,0.436478476248992,4.011321835646249
2021-09-12,2021,90,mid_season,1.2,24.91,28.55,22.18,87.65,3.77,16.7,16.7,0.81,94.03,3.4272804772945396,4.112736572753447,0.7039975423370839,0.570238009293038,3.542498563460409
2021-09-13,2021,91,mid_season,1.2,24.45,27.46,22.33,92.0,3.43,15.58,15.58,8.95,93.91,2.9580831452414538,3.5496997742897443,0.7039975423370839,6.3007780039169,0.0
2021-09-14,2021,92,mid_season,1.2,24.95,28.69,22.25,86.68,3.91,15.97,15.97,1.35,94.01,3.404090534571315,4.084908641485578,0.7039975423370839,0.9503966821550633,3.1345119593305144
2021-09-15,2021,93,mid_season,1.2,25.05,29.22,21.72,84.95,3.3,20.59,20.59,0.03,94.21,4.122405540175171,4.946886648210205,0.7039975423370839,0.021119926270112516,4.925766721940092
2021-09-16,2021,94,mid_season,1.2,25.05,29.42,21.46,83.86,2.9,20.73,20.73,0.0,94.25,4.18554150645955,5.022649807751459,0.7039975423370839,0.0,5.022649807751459
2021-09-17,2021,95,mid_season,1.2,24.85,29.01,21.56,83.69,2.48,21.45,21.45,0.0,94.26,4.249488085387096,5.099385702464515,0.7039975423370839,0.0,5.099385702464515
2021-09-18,2021,96,late_season,1.1716666666666666,25.04,28.44,21.5,81.18,1.72,16.22,16.22,0.0,94.43,3.4897805569325517,4.088859552539306,0.7039975423370839,0.0,4.088859552539306
2021-09-19,2021,97,late_season,1.1433333333333333,25.15,29.31,21.04,81.47,1.22,18.05,18.05,2.23,94.59,3.712536279304083,4.244666479337668,0.7039975423370839,1.569914519411697,2.674751959925971
2021-09-20,2021,98,late_season,1.115,25.4,29.43,21.8,86.34,1.64,16.77,16.77,4.51,94.47,3.46277858554263,3.8609981228800323,0.7039975423370839,3.1750289159402483,0.685969206939784
2021-09-21,2021,99,late_season,1.0866666666666667,24.13,27.42,21.61,90.54,1.95,15.75,15.75,15.22,94.34,3.06256531549233,3.3279876428349984,0.7039975423370839,10.714842594370417,0.0
2021-09-22,2021,100,late_season,1.0583333333333333,24.47,28.41,21.7,89.1,2.3,11.5,11.5,6.78,94.13,2.5392077949045393,2.687328249607304,0.7039975423370839,4.773103337045429,0.0
2021-09-23,2021,101,late_season,1.03,23.8,26.11,22.22,92.73,2.05,13.66,13.66,19.78,94.18,2.638758406840728,2.7179211590459498,0.7039975423370839,13.92507138742752,0.0
2021-09-24,2021,102,late_season,1.0016666666666667,24.55,28.44,21.53,87.48,1.97,17.35,17.35,2.32,94.29,3.4421933495406827,3.447930338456584,0.7039975423370839,1.6332742982220345,1.8146560402345495
2021-09-25,2021,103,late_season,0.9733333333333333,24.37,27.92,21.22,88.6,1.7,17.17,17.17,22.52,94.29,3.345597040467524,3.25638111938839,0.7039975423370839,15.854024653431129,0.0
2021-09-26,2021,104,late_season,0.945,24.44,28.24,21.39,89.96,2.62,13.06,13.06,9.0,94.07,2.7116772257187494,2.562534978304218,0.7039975423370839,6.335977881033755,0.0
2021-09-27,2021,105,late_season,0.9166666666666666,23.74,25.46,22.18,92.92,3.24,5.01,5.01,46.01,93.76,1.4128464967962298,1.2951092887298772,0.7039975423370839,32.39092692292923,0.0
2021-09-28,2021,106,late_season,0.8883333333333333,23.23,26.88,20.49,88.19,4.78,13.23,13.23,6.08,93.92,2.7828215836550165,2.472073173480206,0.7039975423370839,4.28030505740947,0.0
2021-09-29,2021,107,late_season,0.8599999999999999,23.35,28.01,18.02,79.9,2.12,16.53,16.53,0.01,94.36,3.447742359377329,2.9650584290645026,0.7039975423370839,0.007039975423370839,2.958018453641132
2021-09-30,2021,108,late_season,0.8316666666666666,24.74,28.4,21.42,86.83,1.41,19.28,19.28,0.02,94.53,3.7261941137748633,3.098951437956094,0.7039975423370839,0.014079950846741678,3.0848714871093526
2021-10-01,2021,109,late_season,0.8033333333333332,25.4,29.23,22.56,86.39,1.39,20.22,20.22,6.67,94.51,3.9664241394768607,3.1863607253797444,0.5522790328973445,3.683701149425288,0.0
2021-10-02,2021,110,late_season,0.7749999999999999,25.14,29.6,21.67,85.59,1.5,19.44,19.44,0.9,94.53,3.842577750497445,2.9779977566355194,0.5522790328973445,0.49705112960761005,2.4809466270279095
2021-10-03,2021,111,late_season,0.7466666666666666,25.25,29.14,21.64,83.65,0.97,19.88,19.88,1.55,94.52,3.8987723792129105,2.911083376478973,0.5522790328973445,0.856032500990884,2.0550508754880887
2021-10-04,2021,112,late_season,0.7183333333333333,25.49,29.6,21.55,85.85,1.22,18.14,18.14,1.35,94.42,3.6280843915014613,2.606173954561883,0.5522790328973445,0.745576694411415,1.860597260150468
2021-10-05,2021,113,late_season,0.69,25.25,28.62,22.45,88.71,1.48,16.58,16.58,2.78,94.43,3.3029402065155513,2.27902874249573,0.5522790328973445,1.5353357114546176,0.7436930310411125
2021-10-06,2021,114,late_season,0.6616666666666666,24.69,28.67,22.32,89.07,1.95,20.86,20.86,0.88,94.38,3.899697418431483,2.5802997918621644,0.5522790328973445,0.48600554894966314,2.0942942429125013
2021-10-07,2021,115,late_season,0.6333333333333333,25.08,29.0,22.22,88.37,1.63,19.64,19.64,0.98,94.35,3.7735503921926834,2.389915248388699,0.5522790328973445,0.5412334522393976,1.8486817961493016
2021-10-08,2021,116,late_season,0.605,25.92,29.64,22.41,84.5,0.65,18.73,18.73,7.01,94.34,3.726259147197216,2.2543867840543155,0.5522790328973445,3.871476020610385,0.0
2021-10-09,2021,117,late_season,0.5766666666666667,24.43,26.99,22.68,92.64,1.68,16.88,16.88,33.18,94.43,3.1457401055015373,1.8140434608392197,0.5522790328973445,18.32461831153389,0.0
2021-10-10,2021,118,late_season,0.5483333333333332,24.09,27.36,21.58,90.64,1.17,18.62,18.62,3.87,94.44,3.4601496908173988,1.8973154137982067,0.5522790328973445,2.1373198573127232,0.0
2021-10-11,2021,119,late_season,0.5199999999999999,23.75,27.99,20.83,83.7,1.65,21.28,21.28,3.16,94.35,3.974774262670159,2.066882616588482,0.5522790328973445,1.7452017439556087,0.3216808726328735
2021-10-12,2021,120,late_season,0.4916666666666666,23.49,28.7,18.74,81.95,1.45,19.2,19.2,0.04,94.35,3.670386711529999,1.8046067998355826,0.5522790328973445,0.022091161315893778,1.7825156385196887
2021-10-13,2021,121,late_season,0.46333333333333326,23.84,28.8,19.35,83.78,1.48,17.25,17.25,0.01,94.31,3.3821241946661953,1.5670508768620035,0.5522790328973445,0.0055227903289734445,1.56152808653303
2021-10-14,2021,122,late_season,0.43499999999999994,23.96,28.88,19.79,83.6,1.71,19.18,19.18,0.0,94.28,3.691102240609173,1.60562947466499,0.5522790328973445,0.0,1.60562947466499
2021-10-15,2021,123,late_season,0.4066666666666666,24.07,28.98,19.08,86.34,1.94,17.96,17.96,0.1,94.05,3.437669515076919,1.397985602797947,0.5522790328973445,0.055227903289734454,1.3427576995082124
2021-10-16,2021,124,late_season,0.3783333333333333,24.42,27.27,22.39,90.65,1.06,9.22,9.22,37.08,93.96,2.02870181380446,0.7675255195560207,0.5522790328973445,20.478506539833532,0.0
2021-10-17,2021,125,late_season,0.35,24.58,28.54,21.78,88.58,1.56,12.86,12.86,1.36,94.03,2.672003500244507,0.9352012250855773,0.5522790328973445,0.7510994847403886,0.18410174034518878
2022-06-15,2022,1,initial,0.3,25.67,28.21,23.3,76.51,3.07,18.57,18.57,4.29,94.25,4.376685678621324,1.3130057035863971,0.41798325445941026,1.79314816163087,0.0
2022-06-16,2022,2,initial,0.3,27.53,32.86,22.64,70.29,2.41,16.61,16.61,1.41,94.21,4.514674846210499,1.3544024538631498,0.41798325445941026,0.5893563887877684,0.7650460650753814
2022-06-17,2022,3,initial,0.3,27.51,31.21,24.27,71.26,1.43,19.78,19.78,0.97,94.21,4.590872491733977,1.3772617475201931,0.41798325445941026,0.40544375682562794,0.9718179906945652
2022-06-18,2022,4,initial,0.3,27.45,31.62,23.44,70.69,2.68,18.99,18.99,1.73,94.22,4.8882209236387215,1.4664662770916164,0.41798325445941026,0.7231110302147797,0.7433552468768366
2022-06-19,2022,5,initial,0.3,27.93,33.0,23.72,69.08,2.67,14.16,14.16,3.42,94.21,4.356676920805444,1.3070030762416331,0.41798325445941026,1.4295027302511831,0.0
2022-06-20,2022,6,initial,0.3,26.43,29.93,23.33,75.68,2.93,20.05,20.05,11.07,94.13,4.725178225675423,1.417553467702627,0.41798325445941026,4.627074626865672,0.0
2022-06-21,2022,7,initial,0.3,25.61,29.94,23.1,78.91,3.35,20.37,20.37,7.13,93.98,4.635283319037247,1.390584995711174,0.41798325445941026,2.980220604295595,0.0
2022-06-22,2022,8,initial,0.3,26.38,31.65,22.92,75.25,3.75,16.53,16.53,0.18,94.12,4.529746434916937,1.358923930475081,0.41798325445941026,0.07523698580269385,1.2836869446723873
2022-06-23,2022,9,initial,0.3,26.74,30.44,23.31,72.59,2.19,22.26,22.26,0.58,94.22,5.06291024072241,1.5188730722167227,0.41798325445941026,0.24243028758645793,1.2764427846302648
2022-06-24,2022,10,initial,0.3,26.2,30.17,23.26,75.82,2.41,16.39,16.39,0.93,94.1,4.080585254268733,1.22417557628062,0.41798325445941026,0.38872442664725154,0.8354511496333683
2022-06-25,2022,11,initial,0.3,26.7,32.08,22.59,73.45,3.28,17.1,17.1,2.52,93.89,4.630007607794596,1.3890022823383787,0.41798325445941026,1.0533178012377138,0.33568448110066496
2022-06-26,2022,12,initial,0.3,25.84,30.0,22.68,76.76,3.69,14.62,14.62,3.5,93.97,4.020906149051485,1.2062718447154455,0.41798325445941026,1.4629413906079358,0.0
2022-06-27,2022,13,initial,0.3,26.0,30.54,21.77,73.32,4.16,13.94,13.94,2.66,94.17,4.272576198430745,1.2817728595292233,0.41798325445941026,1.1118354568620314,0.16993740266719182
2022-06-28,2022,14,initial,0.3,26.54,31.4,22.6,73.08,4.08,14.69,14.69,9.17,94.16,4.475825329296844,1.3427475987890534,0.41798325445941026,3.832906443392792,0.0
2022-06-29,2022,15,initial,0.3,27.01,32.67,22.78,71.78,3.34,20.04,20.04,3.56,94.0,5.226433122505274,1.567929936751582,0.41798325445941026,1.4880203858755006,0.07990955087608143
2022-06-30,2022,16,initial,0.3,27.57,34.09,22.46,68.46,3.78,17.35,17.35,1.82,93.97,5.317760712988144,1.595328213896443,0.41798325445941026,0.7607295231161267,0.8345986907803163
2022-07-01,2022,17,initial,0.3,28.14,34.02,22.62,64.28,3.55,20.41,20.41,10.19,93.99,5.931696940294938,1.7795090820884816,0.7350565008442657,7.490225743603067,0.0
2022-07-02,2022,18,initial,0.3,27.0,31.83,23.24,74.26,3.64,16.44,16.44,7.85,93.91,4.584215625437677,1.375264687631303,0.7350565008442657,5.770193531627485,0.0
2022-07-03,2022,19,initial,0.3,26.01,30.23,23.03,79.74,3.37,16.98,16.98,10.44,93.91,4.130847450486913,1.2392542351460738,0.7350565008442657,7.673989868814133,0.0
2022-07-04,2022,20,initial,0.3,25.76,30.37,22.45,76.4,4.2,15.12,15.12,6.13,93.92,4.228858362440812,1.2686575087322436,0.7350565008442657,4.505896350175348,0.0
2022-07-05,2022,21,development,0.3257142857142857,26.41,31.5,22.51,76.65,4.36,17.7,17.7,16.17,93.77,4.671361753014738,1.5215292566962286,0.7350565008442657,11.885863618651777,0.0
2022-07-06,2022,22,development,0.3514285714285714,25.32,29.44,22.38,81.12,4.11,12.61,12.61,7.57,93.97,3.4659818125544204,1.2180450369834106,0.7350565008442657,5.564377711391091,0.0
2022-07-07,2022,23,development,0.3771428571428571,25.22,29.15,22.7,81.22,4.5,14.72,14.72,6.93,94.15,3.779069239893445,1.4252489704740992,0.7350565008442657,5.093941550850761,0.0
2022-07-08,2022,24,development,0.4028571428571428,24.75,27.86,22.58,85.24,4.98,6.25,6.25,28.54,94.02,2.35974573945071,0.9506404264644288,0.7350565008442657,20.97851253409534,0.0
2022-07-09,2022,25,development,0.42857142857142855,24.14,26.77,22.35,89.23,4.93,4.1,4.1,31.86,93.81,1.7090161390134975,0.7324354881486417,0.7350565008442657,23.418900116898303,0.0
2022-07-10,2022,26,development,0.4542857142857143,24.43,28.02,21.61,84.69,6.72,4.74,4.74,27.06,93.85,2.4054622965316903,1.0927671575672535,0.7350565008442657,19.890628912845827,0.0
2022-07-11,2022,27,development,0.48,24.02,27.13,22.03,85.65,6.36,8.6,8.6,12.56,93.98,2.680545855815499,1.2866620107914395,0.7350565008442657,9.232309650603977,0.0
2022-07-12,2022,28,development,0.5057142857142857,23.13,25.22,21.57,87.86,7.62,4.64,4.64,28.17,93.94,2.0235373617096295,1.0233317514931555,0.7350565008442657,20.706541628782965,0.0
2022-07-13,2022,29,development,0.5314285714285714,22.72,24.38,21.43,89.79,9.03,3.84,3.84,31.86,93.59,1.7693888420670087,0.9403037846413246,0.7350565008442657,23.418900116898303,0.0
2022-07-14,2022,30,development,0.5571428571428572,23.02,26.0,20.8,86.38,8.0,10.89,10.89,7.22,93.58,2.8281522219057993,1.5756848093475169,0.7350565008442657,5.307107936095598,0.0
2022-07-15,2022,31,development,0.5828571428571427,24.69,29.22,21.42,80.4,6.33,17.4,17.4,0.05,93.83,4.292958173779563,2.5021813355743734,0.7350565008442657,0.036752825042213284,2.4654285105321603
2022-07-16,2022,32,development,0.6085714285714285,24.91,28.88,20.87,83.74,4.22,20.6,20.6,8.06,93.98,4.234997105972982,2.5772982387778436,0.7350565008442657,5.924555396804782,0.0
2022-07-17,2022,33,development,0.6342857142857142,24.72,27.96,22.07,87.38,4.5,10.36,10.36,15.26,94.06,2.6493323070478247,1.6804336347560487,0.7350565008442657,11.216962202883494,0.0
2022-07-18,2022,34,development,0.6599999999999999,24.92,29.32,22.18,82.91,4.58,15.25,15.25,8.62,94.09,3.7064192820592328,2.446236726159093,0.7350565008442657,6.336187037277569,0.0
2022-07-19,2022,35,development,0.6857142857142857,25.73,30.44,21.79,81.34,3.74,20.9,20.9,3.42,94.19,4.5700713696789945,3.133763224922739,0.7350565008442657,2.5138932328873884,0.6198699920353508
2022-07-20,2022,36,development,0.7114285714285713,26.1,30.69,22.08,80.8,3.5,24.1,24.1,2.26,94.23,5.073429892525827,3.6093829806826596,0.7350565008442657,1.6612276919080402,1.9481552887746194
2022-07-21,2022,37,development,0.7371428571428571,25.08,29.06,22.58,83.78,3.36,17.81,17.81,2.5,94.23,3.8964007460649444,2.8722039785278732,0.7350565008442657,1.8376412521106642,1.034562726417209
2022-07-22,2022,38,development,0.7628571428571427,23.6,25.38,22.51,90.87,3.5,8.22,8.22,56.28,94.26,2.003380673300742,1.528293256489423,0.7350565008442657,41.36897986751527,0.0
2022-07-23,2022,39,development,0.7885714285714285,23.79,26.31,21.83,88.78,3.67,11.76,11.76,18.98,94.12,2.619945483698231,2.0660141528591764,0.7350565008442657,13.951372386024163,0.0
2022-07-24,2022,40,development,0.8142857142857143,24.81,29.07,21.63,84.41,3.66,14.75,14.75,2.04,94.13,3.420301330061663,2.78510251162164,0.7350565008442657,1.499515261722302,1.285587249899338
2022-07-25,2022,41,development,0.8399999999999999,24.61,28.0,21.72,83.94,2.49,18.93,18.93,7.28,94.32,3.903655017213998,3.279070214459758,0.7350565008442657,5.351211326146254,0.0
2022-07-26,2022,42,development,0.8657142857142857,23.76,26.31,22.04,89.05,2.15,9.37,9.37,9.55,94.45,2.2152817693747853,1.917801074630171,0.7350565008442657,7.019789583062738,0.0
2022-07-27,2022,43,development,0.8914285714285715,25.41,29.53,21.4,83.69,1.03,18.5,18.5,2.34,94.41,3.83515175744319,3.418763852349358,0.7350565008442657,1.7200322119755815,1.6987316403737764
2022-07-28,2022,44,development,0.917142857142857,26.21,30.15,22.57,82.28,1.15,20.29,20.29,1.78,94.47,4.244185716850449,3.8925246145971255,0.7350565008442657,1.3084005715027929,2.5841240430943326
2022-07-29,2022,45,development,0.9428571428571428,26.31,30.26,22.69,82.73,1.32,19.3,19.3,4.12,94.45,4.098314598976491,3.8641251933206915,0.7350565008442657,3.0284327834783746,0.8356924098423169
2022-07-30,2022,46,development,0.9685714285714284,25.68,28.8,23.42,87.02,1.28,23.47,23.47,7.3,94.31,4.636859592610722,4.4911297197000986,0.7350565008442657,5.365912456163139,0.0
2022-07-31,2022,47,development,0.9942857142857142,25.65,28.69,23.28,86.23,1.38,20.66,20.66,2.56,94.14,4.179756935961637,4.155872610613285,0.7350565008442657,1.8817446421613202,2.274127968451965
2022-08-01,2022,48,development,1.02,25.53,29.06,23.02,87.05,1.56,14.81,14.81,14.12,94.11,3.213807999891064,3.278084159888885,0.6014297061159651,8.492187450357427,0.0
2022-08-02,2022,49,development,1.0457142857142856,24.81,27.59,22.75,90.47,2.23,13.49,13.49,8.66,94.06,2.832871380705269,2.9623740723946526,0.6014297061159651,5.208381254964258,0.0
2022-08-03,2022,50,development,1.0714285714285714,25.7,29.35,22.31,86.08,1.49,18.74,18.74,3.7,94.0,3.873291106646459,4.149954757121206,0.6014297061159651,2.225289912629071,1.9246648444921348
2022-08-04,2022,51,development,1.097142857142857,26.24,30.39,22.54,83.91,0.9,15.07,15.07,10.33,93.9,3.3182900487406455,3.640638224904022,0.6014297061159651,6.21276886417792,0.0
2022-08-05,2022,52,development,1.1228571428571428,25.31,29.24,22.53,86.34,2.58,14.44,14.44,5.05,93.9,3.2308981807683983,3.6278371001199443,0.6014297061159651,3.037220015885624,0.5906170842343204
2022-08-06,2022,53,development,1.1485714285714284,24.97,29.09,22.17,85.1,3.02,16.21,16.21,4.85,93.82,3.5557984275125767,4.084088479600159,0.6014297061159651,2.916934074662431,1.1671544049377283
2022-08-07,2022,54,development,1.1742857142857142,23.92,27.04,21.9,89.25,4.34,11.39,11.39,14.23,93.74,2.5817048757607286,3.031659154107598,0.6014297061159651,8.558344718030185,0.0
2022-08-08,2022,55,development,1.2,23.74,27.38,21.5,87.46,5.98,8.05,8.05,12.17,93.61,2.4072437316496385,2.888692477979566,0.6014297061159651,7.319399523431295,0.0
2022-08-09,2022,56,mid_season,1.2,23.54,26.69,21.42,88.31,6.41,11.28,11.28,5.02,93.62,2.6720855785965956,3.2065026943159145,0.6014297061159651,3.0191771247021446,0.1873255696137699
2022-08-10,2022,57,mid_season,1.2,23.99,28.23,20.8,83.48,6.21,15.16,15.16,1.45,93.62,3.6197632304998315,4.343715876599798,0.6014297061159651,0.8720730738681495,3.4716428027316484
2022-08-11,2022,58,mid_season,1.2,24.47,29.21,20.83,84.62,4.84,16.12,16.12,0.36,93.86,3.6241711925253566,4.349005431030427,0.6014297061159651,0.21651469420174743,4.13249073682868
2022-08-12,2022,59,mid_season,1.2,24.97,29.99,21.03,82.43,4.78,17.23,17.23,0.04,94.09,3.9990462599441434,4.798855511932972,0.6014297061159651,0.024057188244638605,4.774798323688334
2022-08-13,2022,60,mid_season,1.2,24.65,29.17,20.82,83.72,4.52,15.11,15.11,2.16,94.17,3.546822034620847,4.256186441545016,0.6014297061159651,1.2990881652104849,2.9570982763345315
2022-08-14,2022,61,mid_season,1.2,23.62,27.36,21.04,88.01,4.28,6.27,6.27,3.65,94.23,2.01238349199726,2.414860190396712,0.6014297061159651,2.195218427323273,0.2196417630734393
2022-08-15,2022,62,mid_season,1.2,24.03,28.87,21.07,85.85,4.6,7.82,7.82,2.51,94.3,2.460414255165995,2.952497106199194,0.6014297061159651,1.5095885623510723,1.4429085438481217
2022-08-16,2022,63,mid_season,1.2,24.75,29.24,20.97,83.88,3.65,21.5,21.5,0.3,94.38,4.331140194323611,5.197368233188333,0.6014297061159651,0.18042891183478954,5.016939321353543
2022-08-17,2022,64,mid_season,1.2,25.43,30.13,21.18,81.81,3.17,23.1,23.1,0.06,94.42,4.73801158827901,5.685613905934812,0.6014297061159651,0.036085782366957905,5.649528123567854
2022-08-18,2022,65,mid_season,1.2,25.2,29.38,21.44,84.39,2.79,21.08,21.08,3.88,94.32,4.264332271149578,5.1171987253794935,0.6014297061159651,2.3335472597299445,2.783651465649549
2022-08-19,2022,66,mid_season,1.2,24.95,29.0,21.91,85.68,3.52,17.4,17.4,7.14,94.25,3.6866323819286113,4.423958858314333,0.6014297061159651,4.294208101667991,0.1297507566463425
2022-08-20,2022,67,mid_season,1.2,25.24,29.13,22.46,84.88,4.06,17.51,17.51,1.61,94.24,3.80853283773833,4.570239405285996,0.6014297061159651,0.968301826846704,3.601937578439292
2022-08-21,2022,68,mid_season,1.2,25.15,29.14,21.91,83.26,4.1,19.56,19.56,0.08,94.14,4.170481421979643,5.004577706375572,0.6014297061159651,0.04811437648927721,4.956463329886295
2022-08-22,2022,69,mid_season,1.2,25.44,30.1,21.69,82.47,4.22,17.09,17.09,0.0,94.04,3.9659072320850313,4.759088678502037,0.6014297061159651,0.0,4.759088678502037
2022-08-23,2022,70,mid_season,1.2,25.5,29.93,21.78,83.59,2.93,19.57,19.57,0.16,94.16,4.138445856717487,4.966135028060984,0.6014297061159651,0.09622875297855442,4.86990627508243
2022-08-24,2022,71,mid_season,1.2,25.4,28.79,22.23,82.73,2.03,20.57,20.57,0.27,94.38,4.220921546439257,5.065105855727109,0.6014297061159651,0.1623860206513106,4.902719835075798
2022-08-25,2022,72,mid_season,1.2,24.93,28.05,22.28,84.06,1.89,19.65,19.65,0.9,94.33,3.982228768243992,4.77867452189279,0.6014297061159651,0.5412867355043687,4.237387786388421
2022-08-26,2022,73,mid_season,1.2,25.72,29.8,21.52,81.9,1.21,19.61,19.61,2.88,94.26,4.0597416911108875,4.871690029333065,0.6014297061159651,1.7321175536139795,3.1395724757190857
2022-08-27,2022,74,mid_season,1.2,24.25,26.72,22.32,88.69,2.04,17.46,17.46,4.88,94.27,3.4261414143099844,4.111369697171981,0.6014297061159651,2.9349769658459097,1.1763927313260716
2022-08-28,2022,75,mid_season,1.2,23.76,26.81,20.85,86.83,1.81,19.36,19.36,2.7,94.29,3.716110851880511,4.459333022256613,0.6014297061159651,1.623860206513106,2.8354728157435076
2022-08-29,2022,76,mid_season,1.2,25.17,29.53,20.87,81.83,1.17,13.51,13.51,3.33,94.4,3.036748486419586,3.644098183703503,0.6014297061159651,2.002760921366164,1.641337262337339
2022-08-30,2022,77,mid_season,1.2,24.8,28.53,22.0,87.47,1.48,19.24,19.24,6.33,94.46,3.8118589532639513,4.574230743916742,0.6014297061159651,3.8070500397140594,0.7671807042026821
2022-08-31,2022,78,mid_season,1.2,25.1,29.22,21.87,85.97,1.57,22.52,22.52,3.08,94.38,4.398080955974022,5.277697147168826,0.6014297061159651,1.8524034948371726,3.4252936523316535
2022-09-01,2022,79,mid_season,1.2,25.21,29.47,21.85,85.17,1.59,20.49,20.49,6.02,94.38,4.113308949738373,4.935970739686048,0.6584211122437422,3.963695095707328,0.9722756439787199
2022-09-02,2022,80,mid_season,1.2,24.97,29.08,21.77,86.0,1.77,20.61,20.61,1.13,94.49,4.0795328472637244,4.895439416716469,0.6584211122437422,0.7440158568354286,4.1514235598810405
2022-09-03,2022,81,mid_season,1.2,26.12,30.78,21.88,82.27,0.69,22.79,22.79,0.59,94.42,4.583210312355111,5.4998523748261325,0.6584211122437422,0.3884684562238079,5.111383918602325
2022-09-04,2022,82,mid_season,1.2,25.27,28.97,22.45,86.85,1.49,14.57,14.57,3.33,94.38,3.12426145263132,3.749113743157584,0.6584211122437422,2.1925423037716616,1.5565714393859222
2022-09-05,2022,83,mid_season,1.2,25.41,30.23,21.77,80.04,1.33,19.24,19.24,0.23,94.39,4.045520079657675,4.85462409558921,0.6584211122437422,0.15143685581606073,4.703187239773149
2022-09-06,2022,84,mid_season,1.2,25.65,30.01,21.17,82.85,1.06,18.15,18.15,4.03,94.35,3.7674669143044577,4.520960297165349,0.6584211122437422,2.6534370823422813,1.8675232148230676
2022-09-07,2022,85,mid_season,1.2,25.06,27.61,23.14,87.41,0.58,17.84,17.84,18.34,94.33,3.58294108877665,4.29952930653198,0.6584211122437422,12.075443198550232,0.0
2022-09-08,2022,86,mid_season,1.2,24.69,28.4,22.2,88.59,0.95,15.14,15.14,24.92,94.21,3.11322408172896,3.7358688980747514,0.6584211122437422,16.407854117114056,0.0
2022-09-09,2022,87,mid_season,1.2,25.32,29.78,22.89,89.63,1.08,11.0,11.0,17.98,94.1,2.4682301067228702,2.9618761280674444,0.6584211122437422,11.838411598142486,0.0
2022-09-10,2022,88,mid_season,1.2,24.45,27.05,22.82,92.77,2.05,7.68,7.68,31.99,94.06,1.8134387904899965,2.1761265485879955,0.6584211122437422,21.062891380677314,0.0
2022-09-11,2022,89,mid_season,1.2,24.0,27.25,21.83,91.34,3.38,5.21,5.21,16.7,93.9,1.5768448965258974,1.892213875831077,0.6584211122437422,10.995632574470495,0.0
2022-09-12,2022,90,mid_season,1.2,24.37,28.58,21.34,88.34,4.42,12.74,12.74,6.13,93.84,2.8439687718125177,3.412762526175021,0.6584211122437422,4.036121418054139,0.0
2022-09-13,2022,91,mid_season,1.2,24.38,28.11,21.93,86.77,4.1,13.13,13.13,0.81,94.18,2.9915090252933596,3.5898108303520315,0.6584211122437422,0.5333211009174312,3.0564897294346003
2022-09-14,2022,92,mid_season,1.2,24.87,29.33,21.19,84.75,3.55,13.85,13.85,0.0,94.44,3.2231687200593337,3.8678024640712003,0.6584211122437422,0.0,3.8678024640712003
2022-09-15,2022,93,mid_season,1.2,24.24,27.52,21.46,87.79,3.64,15.59,15.59,0.0,94.5,3.1783413332712214,3.8140095999254653,0.6584211122437422,0.0,3.8140095999254653
2022-09-16,2022,94,mid_season,1.2,24.92,28.99,21.53,85.6,4.09,16.28,16.28,0.09,94.3,3.510276034148616,4.212331240978339,0.6584211122437422,0.059257900101936795,4.153073340876403
2022-09-17,2022,95,mid_season,1.2,24.98,29.04,21.89,84.89,2.91,17.74,17.74,0.87,94.36,3.7068506066899136,4.448220728027896,0.6584211122437422,0.5728263676520557,3.8753943603758403
2022-09-18,2022,96,late_season,1.1716666666666666,24.84,29.18,21.26,83.36,2.88,20.91,20.91,0.07,94.45,4.199044302002436,4.919880240512854,0.6584211122437422,0.04608947785706196,4.873790762655792
2022-09-19,2022,97,late_season,1.1433333333333333,23.23,25.84,21.58,89.63,2.9,15.7,15.7,2.37,94.4,2.995791295863059,3.4251880482700976,0.6584211122437422,1.5604580360176692,1.8647300122524284
2022-09-20,2022,98,late_season,1.115,23.34,27.52,19.66,87.87,3.34,9.68,9.68,2.52,94.36,2.332517938733835,2.600757501688226,0.6584211122437422,1.6592212028542304,0.9415362988339955
2022-09-21,2022,99,late_season,1.0866666666666667,23.57,27.77,20.55,87.49,2.88,15.33,15.33,1.27,94.33,3.1021442117260527,3.370996710075644,0.6584211122437422,0.8361948125495526,2.5348018975260915
2022-09-22,2022,100,late_season,1.0583333333333333,23.86,27.81,20.91,86.8,2.82,9.68,9.68,2.85,94.4,2.3912503914034766,2.5307399975686793,0.6584211122437422,1.8765001698946655,0.6542398276740138
2022-09-23,2022,101,late_season,1.03,23.52,28.18,19.6,81.79,2.52,19.86,19.86,0.22,94.5,3.9360927624215156,4.054175545294161,0.6584211122437422,0.1448526446936233,3.9093229006005377
2022-09-24,2022,102,late_season,1.0016666666666667,24.21,28.67,20.06,81.02,2.22,20.83,20.83,0.01,94.47,4.133232454641569,4.1401211753993055,0.6584211122437422,0.006584211122437423,4.1335369642768685
2022-09-25,2022,103,late_season,0.9733333333333333,24.55,29.64,19.96,82.72,1.45,20.51,20.51,0.17,94.42,4.029819370348749,3.922357520472782,0.6584211122437422,0.11193158908143619,3.8104259313913458
2022-09-26,2022,104,late_season,0.945,24.76,28.74,21.68,85.51,1.07,17.6,17.6,12.85,94.47,3.5160015022296185,3.3226214196069894,0.6584211122437422,8.460711292332087,0.0
2022-09-27,2022,105,late_season,0.9166666666666666,24.88,28.74,21.9,87.55,1.65,15.97,15.97,3.08,94.38,3.248214432679103,2.977529896622511,0.6584211122437422,2.027937025710726,0.9495928709117849
2022-09-28,2022,106,late_season,0.8883333333333333,24.89,28.96,21.91,87.78,1.52,16.15,16.15,7.12,94.29,3.2710493359993835,2.905782160146119,0.6584211122437422,4.687958319175444,0.0
2022-09-29,2022,107,late_season,0.8599999999999999,24.54,27.85,22.19,86.61,1.16,11.98,11.98,4.76,94.27,2.5986084416677846,2.2348032598342944,0.6584211122437422,3.134084494280213,0.0
2022-09-30,2022,108,late_season,0.8316666666666666,23.84,27.36,21.67,89.27,1.88,14.6,14.6,6.13,94.32,2.9061757118366933,2.4169694670108495,0.6584211122437422,4.036121418054139,0.0
2022-10-01,2022,109,late_season,0.8033333333333332,24.58,28.85,21.49,86.56,2.26,17.86,17.86,3.18,94.33,3.549259608660342,2.851238552290474,0.5402057570404241,1.7178543073885486,1.1333842449019256
2022-10-02,2022,110,late_season,0.7749999999999999,24.47,28.64,21.3,85.16,3.21,21.12,21.12,0.4,94.34,4.05610793904325,3.1434836527585186,0.5402057570404241,0.21608230281616964,2.927401349942349
2022-10-03,2022,111,late_season,0.7466666666666666,24.5,28.66,21.05,85.34,3.25,19.8,19.8,0.03,94.35,3.8631024033190657,2.8844497944782352,0.5402057570404241,0.016206172711212722,2.8682436217670224
2022-10-04,2022,112,late_season,0.7183333333333333,24.02,26.98,21.82,88.25,2.69,13.35,13.35,0.0,94.34,2.77660874329235,1.9945306139316712,0.5402057570404241,0.0,1.9945306139316712
2022-10-05,2022,113,late_season,0.69,23.93,26.93,21.79,90.74,1.4,13.93,13.93,8.52,94.26,2.746785962803224,1.8952823143342243,0.5402057570404241,4.6025530499844125,0.0
2022-10-06,2022,114,late_season,0.6616666666666666,24.01,27.42,22.07,89.29,2.29,10.84,10.84,9.85,94.19,2.380865290367392,1.5753392004597575,0.5402057570404241,5.321026706848177,0.0
2022-10-07,2022,115,late_season,0.6333333333333333,23.87,26.98,21.79,90.97,3.03,12.45,12.45,8.62,94.22,2.5101780284778537,1.589779418035974,0.5402057570404241,4.656573625688455,0.0
2022-10-08,2022,116,late_season,0.605,24.43,28.85,21.0,86.4,1.34,18.34,18.34,7.0,94.52,3.554432025289814,2.1504313753003372,0.5402057570404241,3.7814402992829685,0.0
2022-10-09,2022,117,late_season,0.5766666666666667,24.61,28.75,21.72,86.19,1.7,16.76,16.76,5.29,94.63,3.354445684267527,1.9343970112609408,0.5402057570404241,2.8576884547438435,0.0
2022-10-10,2022,118,late_season,0.5483333333333332,23.88,26.99,21.64,92.13,2.08,13.38,13.38,4.68,94.66,2.586063597215207,1.418024872473005,0.5402057570404241,2.5281629429491845,0.0
2022-10-11,2022,119,late_season,0.5199999999999999,24.64,28.34,22.13,88.18,2.56,17.18,17.18,4.2,94.59,3.3518556299047697,1.74296492755048,0.5402057570404241,2.268864179569781,0.0
2022-10-12,2022,120,late_season,0.4916666666666666,24.56,28.22,21.73,87.2,1.56,16.66,16.66,13.89,94.65,3.274192573546513,1.6098113486603687,0.5402057570404241,7.50345796529149,0.0
2022-10-13,2022,121,late_season,0.46333333333333326,24.32,28.82,20.98,87.41,1.36,16.47,16.47,4.95,94.64,3.2262619268106496,1.4948346927556007,0.5402057570404241,2.674018497350099,0.0
2022-10-14,2022,122,late_season,0.43499999999999994,23.94,27.52,21.79,89.94,1.38,14.12,14.12,13.24,94.59,2.778889685055541,1.2088170129991602,0.5402057570404241,7.152324223215214,0.0
2022-10-15,2022,123,late_season,0.4066666666666666,23.02,25.17,21.57,93.89,2.4,9.58,9.58,8.61,94.5,1.9120427657731487,0.7775640580810804,0.5402057570404241,4.651171568118051,0.0
2022-10-16,2022,124,late_season,0.3783333333333333,24.47,28.64,21.47,88.35,2.43,14.72,14.72,3.36,94.68,2.972674649764449,1.1246619091608832,0.5402057570404241,1.8150913436558247,0.0
2022-10-17,2022,125,late_season,0.35,24.57,29.02,21.7,86.95,1.77,20.49,20.49,0.41,94.83,3.8519372228485547,1.3481780279969942,0.5402057570404241,0.22148436038657385,1.1266936676104202
2023-06-15,2023,1,initial,0.3,33.0,39.61,25.91,39.48,4.87,27.16,27.16,0.0,94.28,10.4167697637258,3.12503092911774,0.365147956787224,0.0,3.12503092911774
2023-06-16,2023,2,initial,0.3,33.65,40.29,26.35,38.02,4.91,27.04,27.04,0.0,94.2,10.691689587552828,3.2075068762658483,0.365147956787224,0.0,3.2075068762658483
2023-06-17,2023,3,initial,0.3,32.58,39.2,27.0,44.43,4.93,24.9,24.9,0.0,94.21,9.846404668310566,2.9539214004931695,0.365147956787224,0.0,2.9539214004931695
2023-06-18,2023,4,initial,0.3,30.71,35.69,26.5,46.55,3.32,24.57,24.57,0.02,94.23,7.867501111155814,2.360250333346744,0.365147956787224,0.00730295913574448,2.352947374211
2023-06-19,2023,5,initial,0.3,31.73,36.01,27.78,40.84,2.52,20.66,20.66,0.0,94.15,6.989140610968035,2.0967421832904103,0.365147956787224,0.0,2.0967421832904103
2023-06-20,2023,6,initial,0.3,32.74,37.45,27.97,39.69,2.91,21.49,21.49,0.0,94.05,7.684530396588996,2.305359118976699,0.365147956787224,0.0,2.305359118976699
2023-06-21,2023,7,initial,0.3,27.92,30.9,24.51,65.13,3.11,20.25,20.25,4.79,94.17,5.4950659486981985,1.6485197846094595,0.365147956787224,1.749058713010803,0.0
2023-06-22,2023,8,initial,0.3,25.81,29.04,24.25,75.73,4.18,14.54,14.54,2.22,94.19,4.19676602164048,1.259029806492144,0.365147956787224,0.8106284640676373,0.4484013424245066
2023-06-23,2023,9,initial,0.3,27.52,32.13,23.52,66.1,2.88,11.96,11.96,2.52,94.2,4.223581877375634,1.26707456321269,0.365147956787224,0.9201728511038045,0.34690171210888554
2023-06-24,2023,10,initial,0.3,25.75,29.24,23.49,79.39,3.36,11.95,11.95,23.82,94.15,3.4050945040678786,1.0215283512203635,0.365147956787224,8.697824330671676,0.0
2023-06-25,2023,11,initial,0.3,26.31,31.4,22.98,69.51,4.52,16.37,16.37,2.26,94.12,5.123284939823208,1.5369854819469622,0.365147956787224,0.8252343823391262,0.711751099607836
2023-06-26,2023,12,initial,0.3,25.97,31.39,22.55,70.23,5.45,13.86,13.86,1.73,94.19,4.985035544059167,1.4955106632177502,0.365147956787224,0.6317059652418975,0.8638046979758527
2023-06-27,2023,13,initial,0.3,26.01,30.69,21.99,65.55,5.27,15.59,15.59,0.89,94.21,5.444756693880383,1.633427008164115,0.365147956787224,0.32498168154062934,1.3084453266234854
2023-06-28,2023,14,initial,0.3,26.23,32.88,21.45,65.24,4.62,18.27,18.27,4.01,94.33,5.817725560947112,1.7453176682841336,0.365147956787224,1.4642433067167682,0.2810743615673654
2023-06-29,2023,15,initial,0.3,28.16,35.58,21.85,59.65,5.03,18.94,18.94,0.31,94.3,6.88663149826153,2.065989449478459,0.365147956787224,0.11319586660403944,1.9527935828744196
2023-06-30,2023,16,initial,0.3,27.79,33.43,22.18,59.64,5.45,23.12,23.12,0.01,94.29,7.256782929388456,2.177034878816537,0.365147956787224,0.00365147956787224,2.1733833992486646
2023-07-01,2023,17,initial,0.3,28.32,34.45,23.45,59.6,5.18,23.54,23.54,0.13,94.35,7.476247032212632,2.2428741096637896,0.7279310444233043,0.09463103577502956,2.14824307388876
2023-07-02,2023,18,initial,0.3,27.68,33.06,23.3,69.07,4.1,21.29,21.29,7.87,94.26,5.858622341129794,1.7575867023389382,0.7279310444233043,5.728817319611404,0.0
2023-07-03,2023,19,initial,0.3,27.18,31.06,23.53,73.6,3.57,21.63,21.63,0.79,94.14,5.2937190151126945,1.5881157045338083,0.7279310444233043,0.5750655250944103,1.013050179439398
2023-07-04,2023,20,initial,0.3,26.52,29.91,24.13,80.9,2.82,20.07,20.07,13.05,93.92,4.483237124059172,1.3449711372177515,0.7279310444233043,9.49950012972412,0.0
2023-07-05,2023,21,development,0.3257142857142857,26.37,31.53,22.9,77.49,3.97,15.98,15.98,3.6,93.76,4.326213678875371,1.4091095982622637,0.7279310444233043,2.620551759923895,0.0
2023-07-06,2023,22,development,0.3514285714285714,26.34,32.75,21.91,71.58,5.97,14.77,14.77,1.29,93.97,5.187229312364617,1.8229405869167083,0.7279310444233043,0.9390310473060625,0.8839095396106459
2023-07-07,2023,23,development,0.3771428571428571,26.54,31.73,21.55,67.09,6.05,17.53,17.53,0.99,94.18,5.819970598668624,2.194960340069309,0.7279310444233043,0.7206517339790712,1.474308606090238
2023-07-08,2023,24,development,0.4028571428571428,26.87,33.14,22.13,69.3,5.01,16.95,16.95,2.36,94.3,5.475435989312171,2.205818498551474,0.7279310444233043,1.717917264838998,0.4879012337124762
2023-07-09,2023,25,development,0.42857142857142855,27.31,32.91,22.39,69.13,3.92,19.17,19.17,2.29,94.33,5.442643022481835,2.332561295349358,0.7279310444233043,1.6669620917293668,0.6655992036199911
2023-07-10,2023,26,development,0.4542857142857143,28.04,34.26,22.68,67.02,3.9,21.38,21.38,1.95,94.3,6.046261343650914,2.746730153258558,0.7279310444233043,1.4194655366254432,1.327264616633115
2023-07-11,2023,27,development,0.48,26.45,30.72,23.01,71.27,4.03,9.5,9.5,5.83,94.28,3.8755723503280257,1.8602747281574523,0.7279310444233043,4.243837988987864,0.0
2023-07-12,2023,28,development,0.5057142857142857,25.24,29.56,22.13,74.54,4.21,13.11,13.11,9.04,94.23,4.039391439102397,2.0427779563460695,0.7279310444233043,6.58049664158667,0.0
2023-07-13,2023,29,development,0.5314285714285714,25.98,31.04,21.96,73.86,3.51,18.68,18.68,10.98,94.22,4.765645208701892,2.5326000251958622,0.7279310444233043,7.992682867767881,0.0
2023-07-14,2023,30,development,0.5571428571428572,27.23,33.15,22.25,70.81,3.31,20.78,20.78,1.69,94.29,5.395755370019367,3.0062065632965043,0.7279310444233043,1.2302034650753841,1.7760030982211201
2023-07-15,2023,31,development,0.5828571428571427,27.36,33.25,22.65,71.11,4.1,14.34,14.34,3.48,94.3,4.735681879331353,2.7602260096674165,0.7279310444233043,2.533200034593099,0.22702597507431754
2023-07-16,2023,32,development,0.6085714285714285,26.05,30.83,22.66,74.59,4.64,13.17,13.17,2.59,94.26,4.255161713960053,2.589569843067118,0.7279310444233043,1.885341405056358,0.70422843801076
2023-07-17,2023,33,development,0.6342857142857142,25.49,30.25,22.6,75.94,5.07,11.44,11.44,10.74,94.19,3.974490604393065,2.520962611929315,0.7279310444233043,7.8179794171062875,0.0
2023-07-18,2023,34,development,0.6599999999999999,24.1,26.19,22.65,87.5,6.16,6.17,6.17,26.34,94.02,2.191576577694183,1.4464405412781607,0.7279310444233043,19.173703710109834,0.0
2023-07-19,2023,35,development,0.6857142857142857,24.04,26.03,22.39,89.23,6.37,4.06,4.06,35.57,93.83,1.786162968693201,1.2247974642467665,0.7279310444233043,25.892507250136934,0.0
2023-07-20,2023,36,development,0.7114285714285713,22.87,24.31,21.5,90.83,6.52,4.56,4.56,46.56,93.86,1.6307413886619773,1.1601560165052351,0.7279310444233043,33.892469428349045,0.0
2023-07-21,2023,37,development,0.7371428571428571,24.02,28.36,21.31,83.87,6.54,8.09,8.09,15.46,93.96,2.8575820867650754,2.1064462239582555,0.7279310444233043,11.253813946784284,0.0
2023-07-22,2023,38,development,0.7628571428571427,24.99,30.0,20.54,82.09,5.7,11.99,11.99,6.92,94.03,3.458906482450114,2.6386515166119433,0.7279310444233043,5.037282827409266,0.0
2023-07-23,2023,39,development,0.7885714285714285,25.42,30.51,21.55,81.74,5.0,11.98,11.98,2.1,94.12,3.4817988010750844,2.7456470545620664,0.7279310444233043,1.528655193288939,1.2169918612731274
2023-07-24,2023,40,development,0.8142857142857143,25.4,29.44,22.28,84.55,4.87,12.97,12.97,23.09,94.07,3.317306689207485,2.701235446926095,0.7279310444233043,16.807927815734097,0.0
2023-07-25,2023,41,development,0.8399999999999999,24.48,27.02,22.21,88.05,5.37,6.69,6.69,19.49,94.15,2.1610335049927873,1.8152681441939411,0.7279310444233043,14.1873760558102,0.0
2023-07-26,2023,42,development,0.8657142857142857,24.44,26.86,22.14,89.39,5.54,4.84,4.84,35.48,94.15,1.8236076034318665,1.5787231538281585,0.7279310444233043,25.826993456138833,0.0
2023-07-27,2023,43,development,0.8914285714285715,23.98,25.81,22.61,91.82,7.24,5.41,5.41,33.88,94.1,1.7069235837833687,1.521600451829746,0.7279310444233043,24.66230378506155,0.0
2023-07-28,2023,44,development,0.917142857142857,24.58,27.88,22.07,86.06,5.96,11.86,11.86,0.67,94.21,3.023267715462343,2.7727683904668914,0.7279310444233043,0.4877137997636139,2.2850545907032775
2023-07-29,2023,45,development,0.9428571428571428,25.71,30.42,21.95,82.32,4.87,15.35,15.35,0.06,94.27,3.8568930847445144,3.6364991941876847,0.7279310444233043,0.04367586266539825,3.5928233315222866
2023-07-30,2023,46,development,0.9685714285714284,25.13,29.29,22.27,85.09,4.31,16.38,16.38,3.63,94.27,3.6670254390955295,3.5517760681525266,0.7279310444233043,2.6423896912565943,0.9093863768959323
2023-07-31,2023,47,development,0.9942857142857142,24.91,28.22,22.31,88.58,4.28,16.93,16.93,18.97,94.18,3.4262562012894384,3.4066775944249272,0.7279310444233043,13.80885191271008,0.0
2023-08-01,2023,48,development,1.02,25.17,28.72,22.54,85.6,4.85,15.84,15.84,0.71,94.19,3.5620965557546147,3.633338486869707,0.24862965565706255,0.1765270555165144,3.4568114313531924
2023-08-02,2023,49,development,1.0457142857142856,25.29,29.76,21.84,83.07,5.1,12.67,12.67,0.38,94.24,3.4257071830130994,3.582310939950841,0.24862965565706255,0.09447926914968377,3.487831670801157
2023-08-03,2023,50,development,1.0714285714285714,25.42,30.13,21.7,80.8,5.14,10.87,10.87,0.02,94.22,3.4236415976546133,3.6681874260585143,0.24862965565706255,0.004972593113141251,3.663214832945373
2023-08-04,2023,51,development,1.097142857142857,25.74,30.65,21.58,80.72,4.22,19.22,19.22,0.09,94.4,4.424911883933181,4.854760466943832,0.24862965565706255,0.022376669009135628,4.832383797934696
2023-08-05,2023,52,development,1.1228571428571428,25.5,30.46,21.73,81.48,4.22,21.13,21.13,0.84,94.57,4.609932543052899,5.176295684056541,0.24862965565706255,0.20884891075193254,4.967446773304609
2023-08-06,2023,53,development,1.1485714285714284,25.62,30.0,21.72,80.89,4.08,19.58,19.58,0.35,94.44,4.404939837804677,5.059388042278513,0.24862965565706255,0.08702037947997189,4.972367662798542
2023-08-07,2023,54,development,1.1742857142857142,25.54,30.17,21.87,80.18,4.1,16.95,16.95,0.01,94.28,4.125548913621531,4.844573152852711,0.24862965565706255,0.0024862965565706253,4.842086856296141
2023-08-08,2023,55,development,1.2,25.31,29.99,21.63,80.62,3.66,15.81,15.81,0.21,94.38,3.86355849926418,4.636270199117016,0.24862965565706255,0.052212227687983136,4.584057971429033
2023-08-09,2023,56,mid_season,1.2,25.38,29.79,21.38,81.07,2.85,17.23,17.23,0.28,94.58,3.913131293282983,4.69575755193958,0.24862965565706255,0.06961630358397752,4.626141248355602
2023-08-10,2023,57,mid_season,1.2,25.92,29.6,22.2,79.01,2.26,19.78,19.78,0.04,94.6,4.331469371727504,5.197763246073005,0.24862965565706255,0.009945186226282501,5.187818059846722
2023-08-11,2023,58,mid_season,1.2,25.82,29.38,22.41,79.61,2.13,20.66,20.66,0.02,94.53,4.416279284532534,5.299535141439041,0.24862965565706255,0.004972593113141251,5.294562548325899
2023-08-12,2023,59,mid_season,1.2,25.5,29.0,22.31,80.91,2.26,14.3,14.3,2.12,94.49,3.4058330950057645,4.086999714006917,0.24862965565706255,0.5270948699929726,3.5599048440139445
2023-08-13,2023,60,mid_season,1.2,25.38,29.88,21.72,81.27,2.63,19.58,19.58,0.76,94.43,4.231613798648873,5.077936558378647,0.24862965565706255,0.18895853829936754,4.888978020079279
2023-08-14,2023,61,mid_season,1.2,25.02,28.64,21.48,81.39,2.16,16.99,16.99,1.34,94.49,3.71903269728992,4.462839236747904,0.24862965565706255,0.33316373858046383,4.1296754981674395
2023-08-15,2023,62,mid_season,1.2,25.41,29.97,22.07,79.69,2.73,18.9,18.9,0.63,94.5,4.237063048236245,5.084475657883494,0.24862965565706255,0.1566366830639494,4.927838974819545
2023-08-16,2023,63,mid_season,1.2,25.02,28.79,20.95,78.22,2.41,17.24,17.24,0.02,94.54,3.9067583872891207,4.688110064746945,0.24862965565706255,0.004972593113141251,4.6831374716338035
2023-08-17,2023,64,mid_season,1.2,24.11,25.86,22.55,86.07,2.82,15.91,15.91,0.0,94.46,3.3043642089935537,3.9652370507922643,0.24862965565706255,0.0,3.9652370507922643
2023-08-18,2023,65,mid_season,1.2,24.02,26.95,22.16,86.44,3.8,9.49,9.49,4.84,94.31,2.5091716443698218,3.011005973243786,0.24862965565706255,1.2033675333801828,1.8076384398636032
2023-08-19,2023,66,mid_season,1.2,23.59,26.84,21.86,86.73,4.02,5.78,5.78,5.74,94.23,2.023902518486171,2.4286830221834053,0.24862965565706255,1.4271342234715392,1.001548798711866
2023-08-20,2023,67,mid_season,1.2,25.27,30.14,21.5,82.08,2.98,16.01,16.01,0.68,94.21,3.7144284852287814,4.457314182274538,0.24862965565706255,0.16906816584680254,4.288246016427736
2023-08-21,2023,68,mid_season,1.2,26.13,30.64,21.45,74.04,2.36,19.88,19.88,0.6,94.3,4.588910015974913,5.506692019169896,0.24862965565706255,0.14917779339423753,5.357514225775659
2023-08-22,2023,69,mid_season,1.2,25.96,30.35,22.18,78.51,2.13,16.66,16.66,0.09,94.33,3.890358081957545,4.668429698349054,0.24862965565706255,0.022376669009135628,4.646053029339918
2023-08-23,2023,70,mid_season,1.2,25.48,29.64,22.22,79.85,2.27,19.81,19.81,0.09,94.38,4.282108176512132,5.138529811814558,0.24862965565706255,0.022376669009135628,5.116153142805422
2023-08-24,2023,71,mid_season,1.2,25.74,29.74,22.14,78.35,2.58,18.59,18.59,0.0,94.31,4.22022456410259,5.0642694769231085,0.24862965565706255,0.0,5.0642694769231085
2023-08-25,2023,72,mid_season,1.2,25.87,30.68,21.56,78.7,2.91,19.19,19.19,1.94,94.34,4.375436244263956,5.250523493116748,0.24862965565706255,0.4823415319747013,4.768181961142046
2023-08-26,2023,73,mid_season,1.2,25.33,29.38,22.46,83.24,2.93,19.52,19.52,1.76,94.46,4.13274233104976,4.959290797259713,0.24862965565706255,0.43758819395643006,4.521702603303282
2023-08-27,2023,74,mid_season,1.2,26.16,31.04,21.77,79.85,3.17,22.24,22.24,3.39,94.49,4.815879121579713,5.7790549458956555,0.24862965565706255,0.842854532677442,4.936200413218214
2023-08-28,2023,75,mid_season,1.2,25.73,30.55,21.7,80.11,3.09,19.67,19.67,1.24,94.44,4.381696843332872,5.258036211999446,0.24862965565706255,0.30830077301475756,4.949735438984689
2023-08-29,2023,76,mid_season,1.2,25.5,30.54,21.52,80.06,2.47,18.21,18.21,0.25,94.42,4.081402874377268,4.897683449252722,0.24862965565706255,0.06215741391426564,4.835526035338456
2023-08-30,2023,77,mid_season,1.2,25.61,30.5,21.53,78.35,2.0,22.23,22.23,0.02,94.49,4.675000261850668,5.610000314220802,0.24862965565706255,0.004972593113141251,5.6050277211076605
2023-08-31,2023,78,mid_season,1.2,25.23,30.18,20.87,80.4,2.0,20.83,20.83,0.0,94.49,4.34275609896144,5.211307318753728,0.24862965565706255,0.0,5.211307318753728
2023-09-01,2023,79,mid_season,1.2,26.34,31.38,21.41,79.18,1.38,17.98,17.98,0.0,94.47,3.9500329139189687,4.740039496702762,0.6938113239604129,0.0,4.740039496702762
2023-09-02,2023,80,mid_season,1.2,25.89,28.41,23.41,81.64,0.61,15.24,15.24,5.04,94.42,3.252429322632484,3.902915187158981,0.6938113239604129,3.496809072760481,0.40610611439849986
2023-09-03,2023,81,mid_season,1.2,25.28,29.49,22.87,87.94,1.39,8.48,8.48,20.36,94.26,2.1258652441367625,2.551038292964115,0.6938113239604129,14.125998555834006,0.0
2023-09-04,2023,82,mid_season,1.2,24.39,26.64,22.97,92.18,2.44,4.74,4.74,35.64,94.11,1.4193346972862642,1.703201636743517,0.6938113239604129,24.727435585949117,0.0
2023-09-05,2023,83,mid_season,1.2,24.24,26.91,22.63,91.41,3.49,5.56,5.56,36.2,94.04,1.6341512407321996,1.9609814888786394,0.6938113239604129,25.115969927366947,0.0
2023-09-06,2023,84,mid_season,1.2,23.8,26.0,22.04,91.35,2.84,9.88,9.88,22.96,94.1,2.1745486957623616,2.609458434914834,0.6938113239604129,15.92990799813108,0.0
2023-09-07,2023,85,mid_season,1.2,23.17,25.9,21.71,88.22,4.75,12.56,12.56,3.91,94.12,2.731353180565871,3.277623816679045,0.6938113239604129,2.7128022766852147,0.5648215399938303
2023-09-08,2023,86,mid_season,1.2,24.02,27.14,20.91,86.08,4.63,11.87,11.87,1.55,94.18,2.8444936133244663,3.4133923359893594,0.6938113239604129,1.07540755213864,2.3379847838507195
2023-09-09,2023,87,mid_season,1.2,25.2,29.92,21.5,87.24,3.53,11.61,11.61,5.47,94.14,2.8022721727561364,3.3627266073073634,0.6938113239604129,3.7951479420634584,0.0
2023-09-10,2023,88,mid_season,1.2,25.24,29.27,22.46,87.69,3.43,9.68,9.68,12.98,94.17,2.4969516111942793,2.996341933433135,0.6938113239604129,9.00567098500616,0.0
2023-09-11,2023,89,mid_season,1.2,25.58,29.81,22.31,83.61,3.05,17.77,17.77,3.07,94.23,3.8702392338769185,4.644287080652302,0.6938113239604129,2.1300007645584675,2.5142863160938345
2023-09-12,2023,90,mid_season,1.2,25.44,28.96,22.72,84.74,2.58,14.58,14.58,1.27,94.29,3.285368030187564,3.9424416362250767,0.6938113239604129,0.8811403814297244,3.061301254795352
2023-09-13,2023,91,mid_season,1.2,24.7,28.04,22.6,83.78,2.58,18.16,18.16,0.5,94.3,3.779001931890558,4.534802318268669,0.6938113239604129,0.34690566198020645,4.187896656288463
2023-09-14,2023,92,mid_season,1.2,24.45,28.38,22.08,84.75,3.0,13.34,13.34,2.11,94.3,3.0857936511515387,3.7029523813818463,0.6938113239604129,1.4639418935564712,2.239010487825375
2023-09-15,2023,93,mid_season,1.2,24.52,29.29,21.05,82.66,2.8,18.06,18.06,1.58,94.27,3.8348475266275135,4.601817031953016,0.6938113239604129,1.0962218918574524,3.505595140095563
2023-09-16,2023,94,mid_season,1.2,24.91,29.88,20.99,82.95,3.11,19.42,19.42,0.95,94.32,4.067884718174894,4.8814616618098725,0.6938113239604129,0.6591207577623922,4.22234090404748
2023-09-17,2023,95,mid_season,1.2,25.45,30.68,20.84,81.23,2.64,21.86,21.86,0.03,94.3,4.5149279069366735,5.417913488324008,0.6938113239604129,0.020814339718812386,5.397099148605196
2023-09-18,2023,96,late_season,1.1716666666666666,25.71,30.52,21.18,80.96,2.55,21.86,21.86,0.16,94.32,4.526447919821055,5.303488146057003,0.6938113239604129,0.11100981183366607,5.1924783342233365
2023-09-19,2023,97,late_season,1.1433333333333333,25.8,29.9,21.47,80.5,2.49,21.18,21.18,1.1,94.43,4.414121216505242,5.046811924204326,0.6938113239604129,0.7631924563564543,4.283619467847872
2023-09-20,2023,98,late_season,1.115,25.12,28.68,22.4,85.87,2.28,19.62,19.62,3.35,94.49,3.9034889018079575,4.352390125515873,0.6938113239604129,2.3242679352673834,2.0281221902484896
2023-09-21,2023,99,late_season,1.0866666666666667,24.62,28.03,22.32,90.12,1.95,11.13,11.13,13.81,94.47,2.4340147629176814,2.644962709037214,0.6938113239604129,9.581534383893302,0.0
2023-09-22,2023,100,late_season,1.0583333333333333,24.48,27.93,21.73,86.8,1.98,10.16,10.16,4.43,94.49,2.405885149050502,2.5462284494117817,0.6938113239604129,3.073584165144629,0.0
2023-09-23,2023,101,late_season,1.03,25.28,28.88,21.53,84.02,1.47,15.88,15.88,1.73,94.49,3.3394541657236148,3.4396377906953233,0.6938113239604129,1.2002935904515144,2.239344200243809
2023-09-24,2023,102,late_season,1.0016666666666667,24.72,27.59,22.39,90.8,1.84,13.9,13.9,2.23,94.38,2.8130681080021436,2.8177565548488137,0.6938113239604129,1.5471992524317209,1.2705573024170929
2023-09-25,2023,103,late_season,0.9733333333333333,24.48,28.18,22.41,89.37,2.44,14.15,14.15,9.55,94.36,2.913489956295375,2.835796890794165,0.6938113239604129,6.625898143821944,0.0
2023-09-26,2023,104,late_season,0.945,24.64,28.27,21.74,88.54,0.96,13.25,13.25,3.25,94.35,2.7577705808597877,2.6060931989124994,0.6938113239604129,2.254886802871342,0.35120639604115755
2023-09-27,2023,105,late_season,0.9166666666666666,25.62,28.84,22.54,85.2,0.41,17.49,17.49,3.99,94.36,3.5106264747136593,3.2180742684875208,0.6938113239604129,2.7683071826020478,0.449767085885473
2023-09-28,2023,106,late_season,0.8883333333333333,25.66,29.69,22.05,85.36,1.08,17.29,17.29,21.3,94.34,3.5364990776546397,3.1415900139832047,0.6938113239604129,14.778181200356796,0.0
2023-09-29,2023,107,late_season,0.8599999999999999,25.5,28.32,22.2,83.96,1.05,15.39,15.39,14.01,94.36,3.207194909721676,2.758187622360641,0.6938113239604129,9.720296648685384,0.0
2023-09-30,2023,108,late_season,0.8316666666666666,24.77,28.32,22.25,86.6,1.93,17.87,17.87,2.9,94.39,3.5499198439747035,2.9523500035722945,0.6938113239604129,2.0120528394851975,0.940297164087097
2023-10-01,2023,109,late_season,0.8033333333333332,25.28,29.75,21.26,84.88,1.89,17.15,17.15,4.24,94.29,3.5436446823368906,2.846727894810635,0.0,0.0,2.846727894810635
2023-10-02,2023,110,late_season,0.7749999999999999,24.77,28.79,21.94,86.37,2.61,13.17,13.17,0.66,94.32,2.924407901594609,2.266416123735822,0.0,0.0,2.266416123735822
2023-10-03,2023,111,late_season,0.7466666666666666,24.74,29.61,21.55,82.07,2.97,18.37,18.37,0.08,94.5,3.9082144782740857,2.918133477111317,0.0,0.0,2.918133477111317
2023-10-04,2023,112,late_season,0.7183333333333333,24.73,29.89,20.95,79.02,2.11,21.14,21.14,0.07,94.61,4.308069866180703,3.094630187206471,0.0,0.0,3.094630187206471
2023-10-05,2023,113,late_season,0.69,23.64,29.25,19.27,75.58,1.89,22.8,22.8,0.0,94.62,4.471085887591919,3.0850492624384236,0.0,0.0,3.0850492624384236
2023-10-06,2023,114,late_season,0.6616666666666666,23.48,29.13,18.62,78.21,2.04,23.19,23.19,0.0,94.57,4.426572002225021,2.9289151414722223,0.0,0.0,2.9289151414722223
2023-10-07,2023,115,late_season,0.6333333333333333,24.15,29.51,19.54,79.2,1.88,22.33,22.33,0.0,94.63,4.332997129414209,2.7442315152956653,0.0,0.0,2.7442315152956653
2023-10-08,2023,116,late_season,0.605,24.45,29.91,19.02,78.75,1.53,21.87,21.87,0.0,94.75,4.245747132941613,2.568677015429676,0.0,0.0,2.568677015429676
2023-10-09,2023,117,late_season,0.5766666666666667,24.95,29.53,20.87,77.74,1.4,21.1,21.1,0.0,94.86,4.1819306486013375,2.4115800073601044,0.0,0.0,2.4115800073601044
2023-10-10,2023,118,late_season,0.5483333333333332,25.0,29.93,20.81,79.53,1.63,20.27,20.27,0.0,94.85,4.075284671822863,2.2346144283828693,0.0,0.0,2.2346144283828693
2023-10-11,2023,119,late_season,0.5199999999999999,24.16,29.52,19.74,80.37,1.83,20.61,20.61,0.0,94.84,4.040571656442304,2.101097261349998,0.0,0.0,2.101097261349998
2023-10-12,2023,120,late_season,0.4916666666666666,23.92,30.03,18.98,78.39,1.74,21.49,21.49,0.0,94.95,4.1967096140393325,2.0633822269026716,0.0,0.0,2.0633822269026716
2023-10-13,2023,121,late_season,0.46333333333333326,23.93,29.74,19.39,76.06,1.64,20.3,20.3,0.0,95.05,4.066838441488603,1.8843018112230523,0.0,0.0,1.8843018112230523
2023-10-14,2023,122,late_season,0.43499999999999994,24.22,29.74,20.18,75.67,1.4,20.03,20.03,0.0,95.0,4.010989039646071,1.7447802322460406,0.0,0.0,1.7447802322460406
2023-10-15,2023,123,late_season,0.4066666666666666,24.06,29.8,19.36,76.0,1.47,18.68,18.68,0.0,94.84,3.8039289262851113,1.5469310966892784,0.0,0.0,1.5469310966892784
2023-10-16,2023,124,late_season,0.3783333333333333,23.83,29.38,19.35,77.42,1.54,17.84,17.84,0.0,94.86,3.6381984416610886,1.3764517437617785,0.0,0.0,1.3764517437617785
2023-10-17,2023,125,late_season,0.35,23.66,29.74,18.99,79.69,1.59,19.75,19.75,0.0,94.95,3.850097320627759,1.3475340622197156,0.0,0.0,1.3475340622197156
2024-06-15,2024,1,initial,0.3,25.67,29.37,22.25,76.27,3.51,22.36,22.36,0.07,94.28,5.003691860396347,1.501107558118904,0.4020977637047298,0.028146843459331092,1.472960714659573
2024-06-16,2024,2,initial,0.3,27.53,31.95,23.88,75.9,2.79,22.26,22.26,7.41,94.27,5.200971082015635,1.5602913246046906,0.4020977637047298,2.979544429052048,0.0
2024-06-17,2024,3,initial,0.3,27.47,31.6,23.44,76.15,2.17,19.34,19.34,5.54,94.31,4.567830004526906,1.3703490013580717,0.4020977637047298,2.2276216109242033,0.0
2024-06-18,2024,4,initial,0.3,27.58,32.22,23.94,72.69,3.35,21.81,21.81,3.46,94.24,5.453338252821257,1.636001475846377,0.4020977637047298,1.3912582624183651,0.24474321342801186
2024-06-19,2024,5,initial,0.3,25.28,28.18,22.75,78.92,3.97,18.49,18.49,0.27,94.14,4.316479138029453,1.2949437414088358,0.4020977637047298,0.10856639620027705,1.1863773452085589
2024-06-20,2024,6,initial,0.3,27.28,32.81,22.68,70.98,4.39,21.83,21.83,0.48,94.1,5.802461886484803,1.7407385659454409,0.4020977637047298,0.19300692657827032,1.5477316393671705
2024-06-21,2024,7,initial,0.3,27.2,32.41,23.44,72.24,4.08,15.77,15.77,0.78,94.1,4.80992340988231,1.442977022964693,0.4020977637047298,0.3136362556896893,1.1293407672750038
2024-06-22,2024,8,initial,0.3,26.66,31.87,23.49,74.24,3.53,16.79,16.79,4.36,93.96,4.627842351829526,1.3883527055488576,0.4020977637047298,1.7531462497526222,0.0
2024-06-23,2024,9,initial,0.3,26.49,31.69,22.05,76.64,2.51,15.43,15.43,4.99,93.87,3.967286079183903,1.1901858237551708,0.4020977637047298,2.006467840886602,0.0
2024-06-24,2024,10,initial,0.3,28.02,33.94,23.11,71.73,3.32,20.69,20.69,1.82,93.82,5.450783160017354,1.6352349480052062,0.4020977637047298,0.7318179299426083,0.9034170180625979
2024-06-25,2024,11,initial,0.3,27.55,32.98,23.36,72.48,3.81,19.09,19.09,3.66,93.81,5.2266460113944,1.5679938034183198,0.4020977637047298,1.4716778151593113,0.09631598825900856
2024-06-26,2024,12,initial,0.3,25.48,29.65,22.16,75.76,5.32,21.53,21.53,1.35,93.85,5.186198320012077,1.5558594960036232,0.4020977637047298,0.5428319810013853,1.0130275150022379
2024-06-27,2024,13,initial,0.3,24.67,29.24,21.34,74.42,6.05,14.02,14.02,2.87,94.03,4.460349827436825,1.3381049482310474,0.4020977637047298,1.1540205818325746,0.1840843663984728
2024-06-28,2024,14,initial,0.3,25.65,31.72,21.0,71.87,5.81,15.36,15.36,3.36,94.13,5.032456749315533,1.5097370247946598,0.4020977637047298,1.3510484860478922,0.15868853874676758
2024-06-29,2024,15,initial,0.3,26.51,31.58,21.77,74.76,4.24,14.02,14.02,4.8,94.19,4.269929709622661,1.2809789128867983,0.4020977637047298,1.930069265782703,0.0
2024-06-30,2024,16,initial,0.3,27.05,32.82,22.8,74.0,4.56,12.01,12.01,5.31,94.23,4.290039534892856,1.2870118604678569,0.4020977637047298,2.135139125272115,0.0
2024-07-01,2024,17,initial,0.3,26.91,31.66,22.76,73.53,5.96,12.72,12.72,0.52,94.19,4.649241810627745,1.3947725431883236,0.6603897917015692,0.343402691684816,1.0513698515035075
2024-07-02,2024,18,initial,0.3,26.98,32.88,21.64,71.23,6.12,18.51,18.51,5.43,94.09,5.6828237430032775,1.7048471229009832,0.6603897917015692,3.5859165689395205,0.0
2024-07-03,2024,19,initial,0.3,27.17,32.13,23.14,74.71,4.6,18.22,18.22,2.46,94.13,5.026359667092998,1.5079079001278994,0.6603897917015692,1.62455888758586,0.0
2024-07-04,2024,20,initial,0.3,26.95,31.85,23.31,74.9,4.55,19.0,19.0,1.32,94.22,5.091439679303283,1.527431903790985,0.6603897917015692,0.8717145250460714,0.6557173787449135
2024-07-05,2024,21,development,0.3257142857142857,26.33,30.66,23.28,74.37,5.07,18.54,18.54,7.5,94.11,5.062786196973987,1.6490217898715271,0.6603897917015692,4.952923437761769,0.0
2024-07-06,2024,22,development,0.3514285714285714,25.65,30.07,22.91,79.68,4.74,14.9,14.9,16.32,94.0,4.029054003049589,1.4159246925002842,0.6603897917015692,10.77756140056961,0.0
2024-07-07,2024,23,development,0.3771428571428571,25.49,30.15,22.22,79.82,4.52,18.6,18.6,3.08,94.05,4.440165718145051,1.6745767851289906,0.6603897917015692,2.0340005584408334,0.0
2024-07-08,2024,24,development,0.4028571428571428,25.02,28.36,22.64,84.58,3.64,12.96,12.96,6.11,93.96,3.1701565300874113,1.2771202021209285,0.6603897917015692,4.034981627296588,0.0
2024-07-09,2024,25,development,0.42857142857142855,25.07,29.11,22.08,80.72,3.21,12.45,12.45,3.86,94.1,3.307382376744202,1.4174495900332293,0.6603897917015692,2.549104595968057,0.0
2024-07-10,2024,26,development,0.4542857142857143,25.9,31.31,21.09,75.87,3.49,19.9,19.9,1.7,94.35,4.783333511532269,2.173000080953231,0.6603897917015692,1.1226626458926676,1.0503374350605632
2024-07-11,2024,27,development,0.48,27.0,32.92,22.04,71.16,4.13,21.42,21.42,2.39,94.26,5.64325913062334,2.7087643826992034,0.6603897917015692,1.5783316021667504,1.130432780532453
2024-07-12,2024,28,development,0.5057142857142857,25.04,28.51,21.95,78.73,4.94,17.11,17.11,6.43,94.12,4.246346894801045,2.1474382867993853,0.6603897917015692,4.24630636064109,0.0
2024-07-13,2024,29,development,0.5314285714285714,25.19,28.95,22.31,80.79,4.92,14.25,14.25,3.85,94.03,3.7715024472012497,2.004284157655521,0.6603897917015692,2.5425006980510414,0.0
2024-07-14,2024,30,development,0.5571428571428572,25.1,28.85,22.66,83.91,5.18,10.17,10.17,18.95,93.82,3.031639504403014,1.6890562953102508,0.6603897917015692,12.514386552744735,0.0
2024-07-15,2024,31,development,0.5828571428571427,24.77,27.5,22.73,86.22,4.04,9.05,9.05,12.22,93.73,2.534343911539954,1.477160451297573,0.6603897917015692,8.069963254593176,0.0
2024-07-16,2024,32,development,0.6085714285714285,25.59,31.22,20.93,77.05,4.35,14.21,14.21,8.32,93.79,4.081292799270243,2.4837581892701763,0.6603897917015692,5.494443066957056,0.0
2024-07-17,2024,33,development,0.6342857142857142,25.45,29.79,22.04,77.7,4.84,14.46,14.46,2.68,93.95,4.088645902339123,2.5933696866265294,0.6603897917015692,1.7698446417602056,0.8235250448663238
2024-07-18,2024,34,development,0.6599999999999999,24.95,28.16,22.96,84.8,5.29,11.47,11.47,7.65,93.93,3.0988661809922005,2.045251679454852,0.6603897917015692,5.051981906517004,0.0
2024-07-19,2024,35,development,0.6857142857142857,24.37,27.32,22.54,85.58,6.33,12.05,12.05,14.62,93.83,3.1020016950607947,2.1270868766131166,0.6603897917015692,9.65489875467694,0.0
2024-07-20,2024,36,development,0.7114285714285713,23.72,25.71,22.11,90.11,6.16,4.89,4.89,18.44,93.87,1.768038615465898,1.257833186431453,0.6603897917015692,12.177587758976937,0.0
2024-07-21,2024,37,development,0.7371428571428571,25.43,30.06,22.37,83.36,6.23,4.05,4.05,4.03,93.89,2.519984324857093,1.8575884451803713,0.6603897917015692,2.661370860557324,0.0
2024-07-22,2024,38,development,0.7628571428571427,25.11,30.25,22.42,83.08,6.24,13.31,13.31,3.27,94.07,3.6695305287988886,2.79932757482658,0.6603897917015692,2.1594746188641314,0.6398529559624486
2024-07-23,2024,39,development,0.7885714285714285,24.59,27.83,21.89,84.61,5.91,9.82,9.82,2.41,94.18,2.911018953379412,2.2955463746649074,0.6603897917015692,1.591539398000782,0.7040069766641255
2024-07-24,2024,40,development,0.8142857142857143,24.97,28.67,22.24,83.64,5.71,6.78,6.78,4.1,93.99,2.6784067508507796,2.180988354264206,0.6603897917015692,2.7075981459764336,0.0
2024-07-25,2024,41,development,0.8399999999999999,24.73,28.83,22.08,84.68,5.75,5.83,5.83,8.33,93.87,2.4752252948550755,2.079189247678263,0.6603897917015692,5.501046964874072,0.0
2024-07-26,2024,42,development,0.8657142857142857,24.61,29.72,20.96,82.07,5.85,14.72,14.72,2.94,93.92,3.7960879929320277,3.286327605309727,0.6603897917015692,1.9415459876026133,1.3447816177071135
2024-07-27,2024,43,development,0.8914285714285715,24.44,27.15,22.54,85.93,6.26,9.29,9.29,2.26,93.99,2.740049800568387,2.4425586793638194,0.6603897917015692,1.4924809292455463,0.9500777501182731
2024-07-28,2024,44,development,0.917142857142857,24.91,28.91,22.23,82.08,5.35,14.64,14.64,1.03,93.82,3.743666169598779,3.43347668697488,0.6603897917015692,0.6802014854526163,2.7532752015222637
2024-07-29,2024,45,development,0.9428571428571428,26.23,31.55,22.27,79.61,4.57,14.63,14.63,1.82,93.79,4.046156643208114,3.8149476921676504,0.6603897917015692,1.201909420896856,2.6130382712707947
2024-07-30,2024,46,development,0.9685714285714284,26.67,31.59,22.96,78.31,3.79,17.81,17.81,2.5,94.09,4.4929418638397305,4.351735119547624,0.6603897917015692,1.650974479253923,2.700760640293701
2024-07-31,2024,47,development,0.9942857142857142,26.39,30.27,22.86,81.88,3.79,19.33,19.33,2.53,94.22,4.365660820031227,4.340714186773906,0.6603897917015692,1.67078617300497,2.669928013768936
2024-08-01,2024,48,development,1.02,25.67,29.33,23.33,84.62,4.56,12.95,12.95,3.41,94.19,3.315766527239044,3.3820818577838248,0.688869132290185,2.349043741109531,1.0330381166742937
2024-08-02,2024,49,development,1.0457142857142856,25.13,28.75,22.5,84.5,5.11,13.58,13.58,4.38,94.17,3.383205793088858,3.5378666293443484,0.688869132290185,3.01724679943101,0.5206198299133384
2024-08-03,2024,50,development,1.0714285714285714,25.71,30.12,22.21,80.68,4.98,15.54,15.54,1.32,94.28,4.020227869633519,4.30738700317877,0.688869132290185,0.9093072546230442,3.3980797485557264
2024-08-04,2024,51,development,1.097142857142857,25.14,28.53,22.61,82.62,4.29,15.53,15.53,0.3,94.34,3.7074196000256086,4.067568932599524,0.688869132290185,0.20666073968705548,3.860908192912469
2024-08-05,2024,52,development,1.1228571428571428,25.52,30.19,21.95,81.86,3.69,19.39,19.39,7.51,94.39,4.3022328073994505,4.830792838022811,0.688869132290185,5.173407183499289,0.0
2024-08-06,2024,53,development,1.1485714285714284,24.84,28.37,22.47,86.63,3.29,9.77,9.77,10.03,94.31,2.5551200583769544,2.93473789562153,0.688869132290185,6.909357396870555,0.0
2024-08-07,2024,54,development,1.1742857142857142,24.6,27.73,22.3,86.82,3.19,7.45,7.45,13.23,94.31,2.187054268351218,2.56822658369243,0.688869132290185,9.113738620199147,0.0
2024-08-08,2024,55,development,1.2,25.62,30.08,22.33,81.46,2.98,11.1,11.1,1.34,94.37,3.081888960584642,3.69826675270157,0.688869132290185,0.9230846372688479,2.775182115432722
2024-08-09,2024,56,mid_season,1.2,25.93,30.57,22.53,81.7,2.37,19.03,19.03,3.81,94.45,4.1859133797050605,5.023096055646072,0.688869132290185,2.6245913940256047,2.3985046616204677
2024-08-10,2024,57,mid_season,1.2,26.42,30.87,22.87,79.39,2.53,21.17,21.17,2.76,94.43,4.671326170945828,5.6055914051349935,0.688869132290185,1.9012788051209104,3.704312600014083
2024-08-11,2024,58,mid_season,1.2,26.53,30.94,22.92,81.38,2.33,19.23,19.23,6.91,94.29,4.273800115654788,5.128560138785745,0.688869132290185,4.760085704125179,0.3684744346605662
2024-08-12,2024,59,mid_season,1.2,26.59,30.75,23.13,81.31,2.13,18.84,18.84,1.02,94.29,4.190152939211553,5.028183527053864,0.688869132290185,0.7026465149359887,4.325537012117875
2024-08-13,2024,60,mid_season,1.2,26.47,30.09,23.5,83.93,1.44,18.55,18.55,0.87,94.33,3.967676185478654,4.761211422574385,0.688869132290185,0.5993161450924609,4.161895277481924
2024-08-14,2024,61,mid_season,1.2,26.99,30.42,23.93,80.96,0.91,16.17,16.17,0.11,94.31,3.5920642279372204,4.310477073524664,0.688869132290185,0.07577560455192035,4.234701468972744
2024-08-15,2024,62,mid_season,1.2,26.21,29.3,23.75,86.84,1.32,18.54,18.54,14.42,94.24,3.8601370683562632,4.632164482027516,0.688869132290185,9.933492887624467,0.0
2024-08-16,2024,63,mid_season,1.2,26.52,30.12,23.49,83.9,1.41,17.04,17.04,25.56,94.18,3.716811131912945,4.460173358295534,0.688869132290185,17.607495021337126,0.0
2024-08-17,2024,64,mid_season,1.2,26.0,29.32,23.37,86.34,1.54,19.09,19.09,9.28,94.25,3.947286995606211,4.736744394727453,0.688869132290185,6.392705547652916,0.0
2024-08-18,2024,65,mid_season,1.2,25.71,28.91,23.36,88.2,1.32,18.47,18.47,15.17,94.36,3.7722399089497434,4.526687890739692,0.688869132290185,10.450144736842105,0.0
2024-08-19,2024,66,mid_season,1.2,26.52,31.38,22.55,78.21,0.99,13.12,13.12,26.09,94.28,3.126584371279233,3.7519012455350795,0.688869132290185,17.972595661450924,0.0
2024-08-20,2024,67,mid_season,1.2,26.33,29.82,23.14,83.02,0.78,16.61,16.61,7.17,94.28,3.560355352835116,4.272426423402139,0.688869132290185,4.9391916785206265,0.0
2024-08-21,2024,68,mid_season,1.2,26.55,31.11,23.11,83.34,2.24,20.44,20.44,9.99,94.32,4.378841765853918,5.254610119024701,0.688869132290185,6.881802631578948,0.0
2024-08-22,2024,69,mid_season,1.2,25.73,29.38,22.98,86.25,1.94,17.92,17.92,5.86,94.35,3.748746799225842,4.49849615907101,0.688869132290185,4.036773115220484,0.461723043850526
2024-08-23,2024,70,mid_season,1.2,25.01,28.81,22.34,85.85,3.8,16.54,16.54,3.11,94.4,3.5703569894799285,4.284428387375914,0.688869132290185,2.142383001422475,2.1420453859534385
2024-08-24,2024,71,mid_season,1.2,24.94,28.01,22.85,88.36,4.54,11.08,11.08,5.66,94.35,2.679167577962362,3.2150010935548345,0.688869132290185,3.898999288762447,0.0
2024-08-25,2024,72,mid_season,1.2,25.21,29.71,22.45,83.95,4.59,14.96,14.96,4.64,94.28,3.603774737340643,4.3245296848087715,0.688869132290185,3.196352773826458,1.1281769109823134
2024-08-26,2024,73,mid_season,1.2,25.2,29.92,21.51,81.56,4.7,19.38,19.38,0.76,94.23,4.337427561958166,5.2049130743497996,0.688869132290185,0.5235405405405406,4.681372533809259
2024-08-27,2024,74,mid_season,1.2,25.36,29.85,21.85,82.82,3.78,17.01,17.01,3.14,94.39,3.8751663076906984,4.650199569228838,0.688869132290185,2.163049075391181,2.487150493837657
2024-08-28,2024,75,mid_season,1.2,25.31,29.79,22.06,82.54,3.64,16.93,16.93,0.24,94.4,3.8728266118182457,4.647391934181894,0.688869132290185,0.1653285917496444,4.48206334243225
2024-08-29,2024,76,mid_season,1.2,25.37,29.48,22.01,83.49,2.96,19.1,19.1,3.34,94.29,4.047426591869131,4.856911910242958,0.688869132290185,2.3008229018492177,2.55608900839374
2024-08-30,2024,77,mid_season,1.2,24.42,27.3,22.42,87.96,3.49,13.02,13.02,10.02,94.3,2.870681335544588,3.4448176026535053,0.688869132290185,6.902468705547653,0.0
2024-08-31,2024,78,mid_season,1.2,23.79,25.5,22.52,91.66,4.39,3.63,3.63,23.51,94.24,1.3900436899952642,1.668052427994317,0.688869132290185,16.19531330014225,0.0
2024-09-01,2024,79,mid_season,1.2,24.12,25.81,22.61,94.3,4.64,2.54,2.54,41.42,93.88,1.0615640075547832,1.2738768090657397,0.7050332383665718,29.202476733143406,0.0
2024-09-02,2024,80,mid_season,1.2,23.42,27.22,20.85,87.5,5.71,5.29,5.29,30.21,93.97,2.040616827471287,2.4487401929655443,0.7050332383665718,21.299054131054135,0.0
2024-09-03,2024,81,mid_season,1.2,23.71,28.32,19.86,84.46,4.6,11.0,11.0,9.45,94.23,2.8870089769448586,3.46441077233383,0.7050332383665718,6.662564102564104,0.0
2024-09-04,2024,82,mid_season,1.2,24.84,28.3,22.19,89.4,3.37,10.0,10.0,17.19,94.28,2.392626104192707,2.871151325031248,0.7050332383665718,12.11952136752137,0.0
2024-09-05,2024,83,mid_season,1.2,25.31,29.11,22.52,87.84,3.54,17.51,17.51,12.24,94.19,3.5804512651716442,4.296541518205973,0.7050332383665718,8.62960683760684,0.0
2024-09-06,2024,84,mid_season,1.2,25.39,29.34,22.54,86.54,3.65,17.59,17.59,7.31,94.26,3.6869229883638286,4.424307586036594,0.7050332383665718,5.15379297245964,0.0
2024-09-07,2024,85,mid_season,1.2,24.57,27.24,22.53,89.61,3.53,15.06,15.06,11.08,94.35,3.03691149002104,3.644293788025248,0.7050332383665718,7.811768281101616,0.0
2024-09-08,2024,86,mid_season,1.2,23.94,26.46,22.47,90.94,3.45,9.71,9.71,3.18,94.38,2.199709928293395,2.6396519139520738,0.7050332383665718,2.2420056980056984,0.3976462159463754
2024-09-09,2024,87,mid_season,1.2,23.66,25.92,22.29,90.57,3.59,7.0,7.0,1.06,94.15,1.8544354449506986,2.225322533940838,0.7050332383665718,0.7473352326685662,1.4779873012722717
2024-09-10,2024,88,mid_season,1.2,24.86,28.9,22.03,85.72,4.13,15.99,15.99,0.55,94.09,3.4879979696548777,4.185597563585853,0.7050332383665718,0.38776828110161454,3.797829282484239
2024-09-11,2024,89,mid_season,1.2,24.91,29.49,21.48,83.17,3.78,19.33,19.33,0.02,94.25,4.0900710515598515,4.908085261871822,0.7050332383665718,0.014100664767331437,4.89398459710449
2024-09-12,2024,90,mid_season,1.2,24.59,29.51,20.73,83.43,3.26,17.8,17.8,0.2,94.41,3.8006532153546817,4.5607838584256175,0.7050332383665718,0.14100664767331436,4.4197772107523035
2024-09-13,2024,91,mid_season,1.2,24.3,29.04,20.53,82.87,3.2,21.57,21.57,0.02,94.43,4.2857210516137565,5.142865261936508,0.7050332383665718,0.014100664767331437,5.128764597169176
2024-09-14,2024,92,mid_season,1.2,24.54,29.32,21.5,82.43,3.14,22.03,22.03,0.0,94.39,4.428179343706665,5.313815212447998,0.7050332383665718,0.0,5.313815212447998
2024-09-15,2024,93,mid_season,1.2,24.2,29.15,20.33,82.25,3.32,21.88,21.88,0.02,94.4,4.355993352390721,5.227192022868865,0.7050332383665718,0.014100664767331437,5.213091358101533
2024-09-16,2024,94,mid_season,1.2,23.84,28.33,20.89,84.13,3.35,15.29,15.29,0.04,94.41,3.3554642054000143,4.026557046480017,0.7050332383665718,0.028201329534662874,3.998355716945354
2024-09-17,2024,95,mid_season,1.2,24.21,29.25,20.3,83.03,3.0,20.71,20.71,0.04,94.37,4.143566877886602,4.972280253463922,0.7050332383665718,0.028201329534662874,4.9440789239292595
2024-09-18,2024,96,late_season,1.1716666666666666,24.14,29.11,19.61,79.99,2.11,23.26,23.26,0.0,94.3,4.523910881278789,5.300515582564981,0.7050332383665718,0.0,5.300515582564981
2024-09-19,2024,97,late_season,1.1433333333333333,24.76,29.61,19.25,78.01,1.35,21.42,21.42,0.08,94.36,4.25831485933279,4.868673322503823,0.7050332383665718,0.05640265906932575,4.812270663434497
2024-09-20,2024,98,late_season,1.115,25.05,29.33,20.88,81.41,1.56,16.56,16.56,6.96,94.35,3.5228048401835235,3.9279273968046287,0.7050332383665718,4.90703133903134,0.0
2024-09-21,2024,99,late_season,1.0866666666666667,24.85,28.66,21.6,88.66,1.74,13.07,13.07,28.75,94.36,2.7793919972161936,3.0202726369749304,0.7050332383665718,20.26970560303894,0.0
2024-09-22,2024,100,late_season,1.0583333333333333,25.16,27.56,22.82,86.14,1.94,18.63,18.63,9.94,94.32,3.7021142420467754,3.9180709061661707,0.7050332383665718,7.008030389363724,0.0
2024-09-23,2024,101,late_season,1.03,25.16,29.16,21.89,89.71,1.58,17.28,17.28,10.24,94.22,3.422044176323813,3.5247055016135276,0.7050332383665718,7.219540360873696,0.0
2024-09-24,2024,102,late_season,1.0016666666666667,25.84,29.65,22.98,88.23,1.5,14.87,14.87,25.03,94.08,3.140859232122037,3.146093997508907,0.7050332383665718,17.646981956315294,0.0
2024-09-25,2024,103,late_season,0.9733333333333333,25.22,28.76,22.1,88.93,1.82,12.99,12.99,39.85,94.06,2.775135581233359,2.7011319657338024,0.7050332383665718,28.095574548907887,0.0
2024-09-26,2024,104,late_season,0.945,24.32,28.33,20.48,89.01,3.47,12.95,12.95,7.89,94.04,2.741209738173219,2.5904432025736917,0.7050332383665718,5.562712250712251,0.0
2024-09-27,2024,105,late_season,0.9166666666666666,24.36,28.11,21.72,87.81,3.26,18.54,18.54,0.14,94.34,3.5684419798879032,3.2710718148972444,0.7050332383665718,0.09870465337132006,3.1723671615259246
2024-09-28,2024,106,late_season,0.8883333333333333,24.94,29.3,21.81,83.44,2.2,20.4,20.4,0.0,94.56,4.078611403730232,3.6231664636470224,0.7050332383665718,0.0,3.6231664636470224
2024-09-29,2024,107,late_season,0.8599999999999999,25.74,30.07,21.11,81.79,0.88,19.52,19.52,0.31,94.69,3.9076617499575113,3.3605891049634593,0.7050332383665718,0.21856030389363726,3.142028801069822
2024-09-30,2024,108,late_season,0.8316666666666666,25.98,30.15,22.5,83.99,0.99,18.28,18.28,0.03,94.69,3.7344495756924245,3.105817230450866,0.7050332383665718,0.021150997150997154,3.0846662332998687
2024-10-01,2024,109,late_season,0.8033333333333332,26.76,30.84,22.07,79.37,0.56,20.56,20.56,5.57,94.53,4.128282082179062,3.3163866060171796,0.36591760299625464,2.0381610486891386,1.278225557328041
2024-10-02,2024,110,late_season,0.7749999999999999,26.43,30.39,22.9,85.13,1.28,19.77,19.77,0.84,94.53,4.008376526644221,3.1064918081492707,0.36591760299625464,0.3073707865168539,2.7991210216324167
2024-10-03,2024,111,late_season,0.7466666666666666,25.51,29.14,22.96,87.21,2.09,16.8,16.8,1.3,94.49,3.4359510521783796,2.5655101189598564,0.36591760299625464,0.47569288389513104,2.0898172350647255
2024-10-04,2024,112,late_season,0.7183333333333333,25.64,30.11,21.8,84.76,1.67,18.14,18.14,1.04,94.51,3.7062244958282076,2.6623045961699288,0.36591760299625464,0.38055430711610483,2.281750289053824
2024-10-05,2024,113,late_season,0.69,25.68,29.73,21.94,84.41,1.3,13.9,13.9,0.82,94.57,3.0129764428022634,2.0789537455335614,0.36591760299625464,0.3000524344569288,1.7789013110766325
2024-10-06,2024,114,late_season,0.6616666666666666,25.23,29.63,22.53,85.89,1.8,16.29,16.29,0.12,94.63,3.3796710636547336,2.2362156871182153,0.36591760299625464,0.04391011235955056,2.192305574758665
2024-10-07,2024,115,late_season,0.6333333333333333,24.33,28.27,21.72,86.17,1.42,16.96,16.96,0.28,94.81,3.346763074688344,2.1196166139692845,0.36591760299625464,0.10245692883895131,2.0171596851303333
2024-10-08,2024,116,late_season,0.605,24.42,29.11,21.09,85.11,1.46,20.3,20.3,0.35,94.83,3.8837555247135445,2.3496720924516943,0.36591760299625464,0.12807116104868912,2.221600931403005
2024-10-09,2024,117,late_season,0.5766666666666667,24.76,29.01,21.52,87.28,2.19,19.56,19.56,2.36,94.65,3.7417281342117565,2.1577298907287794,0.36591760299625464,0.863565543071161,1.2941643476576186
2024-10-10,2024,118,late_season,0.5483333333333332,24.63,28.25,22.14,87.91,2.56,16.85,16.85,1.69,94.56,3.314867493187524,1.8176523420978254,0.36591760299625464,0.6184007490636704,1.199251593034155
2024-10-11,2024,119,late_season,0.5199999999999999,24.72,28.39,22.49,88.62,2.53,14.25,14.25,3.34,94.54,2.9336627078808193,1.5255046080980257,0.36591760299625464,1.2221647940074905,0.30333981409053523
2024-10-12,2024,120,late_season,0.4916666666666666,24.77,28.55,22.13,88.74,2.07,17.18,17.18,1.33,94.64,3.3334617371611044,1.638952020770876,0.36591760299625464,0.4866704119850187,1.1522816087858574
2024-10-13,2024,121,late_season,0.46333333333333326,25.05,28.97,22.11,86.42,1.95,20.12,20.12,0.65,94.69,3.8602678267756936,1.7885907597394044,0.36591760299625464,0.23784644194756552,1.550744317791839
2024-10-14,2024,122,late_season,0.43499999999999994,24.32,27.81,21.87,89.08,1.39,16.07,16.07,1.36,94.72,3.107126678324069,1.3516001050709698,0.36591760299625464,0.49764794007490637,0.8539521649960635
2024-10-15,2024,123,late_season,0.4066666666666666,24.35,28.51,21.36,88.43,1.68,15.23,15.23,5.18,94.68,3.0125100412826598,1.2250874167882815,0.36591760299625464,1.895453183520599,0.0
2024-10-16,2024,124,late_season,0.3783333333333333,24.65,28.83,21.59,87.61,1.83,15.43,15.43,12.44,94.6,3.093765557737895,1.1704746360108367,0.36591760299625464,4.552014981273407,0.0
2024-10-17,2024,125,late_season,0.35,24.84,28.83,21.83,89.21,2.48,15.42,15.42,4.05,94.55,3.0529765686330586,1.0685417990215704,0.36591760299625464,1.4819662921348313,0.0
2025-06-15,2025,1,initial,0.3,26.9,31.45,23.62,76.55,3.72,13.16,13.16,0.55,93.76,3.9726069585081896,1.1917820875524567,0.3544807267370489,0.1949643997053769,0.9968176878470798
2025-06-16,2025,2,initial,0.3,25.7,29.36,22.7,77.29,5.4,15.11,15.11,0.65,93.84,4.29203425506427,1.287610276519281,0.3544807267370489,0.23041247237908177,1.0571978041401993
2025-06-17,2025,3,initial,0.3,27.09,31.8,23.17,71.6,5.21,20.1,20.1,0.04,94.09,5.631605338558685,1.6894816015676053,0.3544807267370489,0.014179229069481956,1.6753023724981233
2025-06-18,2025,4,initial,0.3,27.94,33.75,22.58,67.82,5.8,19.84,19.84,0.0,94.11,6.270761886758207,1.881228566027462,0.3544807267370489,0.0,1.881228566027462
2025-06-19,2025,5,initial,0.3,27.43,32.73,23.0,70.04,6.29,15.95,15.95,0.34,94.1,5.602636967169478,1.6807910901508434,0.3544807267370489,0.12052344709059663,1.5602676430602467
2025-06-20,2025,6,initial,0.3,27.47,33.02,22.9,70.25,5.57,19.54,19.54,0.62,94.23,5.8827098858841795,1.7648129657652538,0.3544807267370489,0.2197780505769703,1.5450349151882836
2025-06-21,2025,7,initial,0.3,27.88,33.9,23.04,68.82,5.45,22.68,22.68,0.77,94.25,6.506233426276481,1.9518700278829442,0.3544807267370489,0.27295015958752766,1.6789198682954165
2025-06-22,2025,8,initial,0.3,27.1,31.41,22.93,69.4,5.28,20.26,20.26,0.1,94.18,5.796245546381984,1.7388736639145952,0.3544807267370489,0.03544807267370489,1.7034255912408902
2025-06-23,2025,9,initial,0.3,26.83,31.8,22.78,69.26,6.31,12.92,12.92,0.59,94.07,5.221258236357626,1.5663774709072877,0.3544807267370489,0.20914362877485884,1.3572338421324288
2025-06-24,2025,10,initial,0.3,26.43,32.14,22.36,72.66,6.37,11.06,11.06,2.01,93.95,4.678706716483124,1.4036120149449374,0.3544807267370489,0.7125062607414682,0.6911057542034692
2025-06-25,2025,11,initial,0.3,25.42,28.48,22.89,79.88,5.45,15.12,15.12,16.8,93.96,4.014305401865666,1.2042916205596998,0.3544807267370489,5.955276209182421,0.0
2025-06-26,2025,12,initial,0.3,25.45,28.75,22.72,79.07,4.97,14.5,14.5,4.42,94.03,3.9591248834625428,1.1877374650387629,0.3544807267370489,1.566804812177756,0.0
2025-06-27,2025,13,initial,0.3,26.56,31.57,22.14,73.34,5.02,19.7,19.7,0.08,94.13,5.304851759273853,1.5914555277821558,0.3544807267370489,0.028358458138963913,1.5630970696431918
2025-06-28,2025,14,initial,0.3,27.33,32.75,22.74,69.0,5.25,19.27,19.27,0.0,94.19,5.842712133327808,1.7528136399983423,0.3544807267370489,0.0,1.7528136399983423
2025-06-29,2025,15,initial,0.3,25.89,30.94,22.46,75.92,4.95,16.51,16.51,1.67,94.14,4.6324720780467405,1.389741623414022,0.3544807267370489,0.5919828136508716,0.7977588097631505
2025-06-30,2025,16,initial,0.3,24.67,28.23,22.26,81.4,5.41,11.74,11.74,12.09,94.15,3.423815499908485,1.0271446499725454,0.3544807267370489,4.285671986250921,0.0
2025-07-01,2025,17,initial,0.3,24.73,28.41,22.35,81.8,5.98,9.86,9.86,9.19,94.12,3.246667576312675,0.9740002728938024,0.6698662224767061,6.156070584560929,0.0
2025-07-02,2025,18,initial,0.3,25.1,29.51,22.08,80.31,5.39,6.94,6.94,6.23,94.07,3.010143419986114,0.9030430259958342,0.6698662224767061,4.17326656602988,0.0
2025-07-03,2025,19,initial,0.3,25.59,30.37,21.99,77.32,5.2,14.86,14.86,0.35,94.13,4.27262345627693,1.281787036883079,0.6698662224767061,0.23445317786684713,1.047333859016232
2025-07-04,2025,20,initial,0.3,25.92,31.11,22.29,76.52,5.67,15.79,15.79,1.67,94.24,4.614847441674109,1.3844542325022327,0.6698662224767061,1.1186765915360992,0.26577764096613343
2025-07-05,2025,21,development,0.3257142857142857,25.93,30.55,22.13,76.25,6.04,17.43,17.43,0.79,94.18,4.82928700959459,1.5729677688393806,0.6698662224767061,0.5291943157565979,1.0437734530827827
2025-07-06,2025,22,development,0.3514285714285714,25.97,30.31,22.65,75.37,5.86,16.68,16.68,0.45,94.09,4.807296152606412,1.689421219344539,0.6698662224767061,0.30143980011451776,1.3879814192300213
2025-07-07,2025,23,development,0.3771428571428571,25.41,29.45,22.15,76.77,5.86,12.49,12.49,1.81,94.1,4.07826092083111,1.5380869758563043,0.6698662224767061,1.2124578626828382,0.3256291131734661
2025-07-08,2025,24,development,0.4028571428571428,25.61,30.63,21.97,76.27,5.67,14.83,14.83,2.1,94.17,4.463268335087067,1.7980595292779324,0.6698662224767061,1.406719067201083,0.39134046207684947
2025-07-09,2025,25,development,0.42857142857142855,26.42,31.63,22.2,72.96,5.04,16.58,16.58,1.79,94.21,4.957880143221133,2.1248057756661995,0.6698662224767061,1.199060538233304,0.9257452374328956
2025-07-10,2025,26,development,0.4542857142857143,26.62,32.29,22.28,72.56,3.61,18.07,18.07,0.26,94.18,4.911032841387121,2.2310120622301493,0.6698662224767061,0.1741652178439436,2.0568468443862056
2025-07-11,2025,27,development,0.48,26.9,32.23,22.35,72.1,3.29,18.15,18.15,0.57,94.17,4.862009027913318,2.333764333398393,0.6698662224767061,0.3818237468117225,1.9519405865866704
2025-07-12,2025,28,development,0.5057142857142857,27.39,33.27,22.33,69.82,4.01,19.39,19.39,0.45,94.19,5.482340214358671,2.772497765547099,0.6698662224767061,0.30143980011451776,2.471057965432581
2025-07-13,2025,29,development,0.5314285714285714,27.02,31.84,22.62,69.59,4.34,19.89,19.89,0.23,94.18,5.527939739252055,2.9377051185739487,0.6698662224767061,0.1540692311696424,2.7836358874043063
2025-07-14,2025,30,development,0.5571428571428572,27.59,33.8,22.4,67.84,4.67,20.83,20.83,0.07,94.13,6.084109154024146,3.3897179572420244,0.6698662224767061,0.046890635573369435,3.342827321668655
2025-07-15,2025,31,development,0.5828571428571427,27.17,32.28,22.68,71.14,4.32,17.69,17.69,1.69,94.07,5.159360898162485,3.007170352071848,0.6698662224767061,1.1320739159856332,1.8750964360862148
2025-07-16,2025,32,development,0.6085714285714285,27.44,32.98,23.03,72.37,3.28,18.49,18.49,1.67,94.04,4.9859122743594195,3.0342837555387323,0.6698662224767061,1.1186765915360992,1.915607164002633
2025-07-17,2025,33,development,0.6342857142857142,27.67,32.39,23.97,73.55,1.26,16.55,16.55,9.31,94.08,3.9936510243644405,2.5331157925968735,0.6698662224767061,6.2364545312581345,0.0
2025-07-18,2025,34,development,0.6599999999999999,25.83,28.49,23.76,85.21,1.11,15.75,15.75,14.56,94.14,3.3963690472123713,2.241603571160165,0.6698662224767061,9.753252199260842,0.0
2025-07-19,2025,35,development,0.6857142857142857,25.35,29.76,22.34,83.08,2.65,16.47,16.47,25.8,93.96,3.7200933333330912,2.5509211428569767,0.6698662224767061,17.282548539899018,0.0
2025-07-20,2025,36,development,0.7114285714285713,25.95,30.82,21.79,76.57,2.6,17.25,17.25,9.21,93.9,4.1921279107519,2.982399570792065,0.6698662224767061,6.169467909010464,0.0
2025-07-21,2025,37,development,0.7371428571428571,25.67,30.09,22.91,84.48,3.27,13.65,13.65,22.96,93.98,3.329759664697244,2.4545085528339685,0.6698662224767061,15.380128468065173,0.0
2025-07-22,2025,38,development,0.7628571428571427,25.61,29.4,22.93,84.44,4.15,14.83,14.83,15.28,93.97,3.5396678341805567,2.7002608906463097,0.6698662224767061,10.23555587944407,0.0
2025-07-23,2025,39,development,0.7885714285714285,24.89,28.34,22.72,85.7,4.55,8.52,8.52,20.72,93.9,2.584136513482998,2.037776222060878,0.6698662224767061,13.87962812971735,0.0
2025-07-24,2025,40,development,0.8142857142857143,24.1,27.06,21.89,87.68,4.61,7.91,7.91,12.85,93.85,2.28250096747034,1.8586079306544196,0.6698662224767061,8.607780958825673,0.0
2025-07-25,2025,41,development,0.8399999999999999,24.33,27.03,22.15,88.4,5.31,10.59,10.59,16.72,93.79,2.5962008124916625,2.180808682492996,0.6698662224767061,11.200163239810525,0.0
2025-07-26,2025,42,development,0.8657142857142857,24.07,26.8,22.05,86.95,6.19,5.29,5.29,11.87,93.89,2.1523186012643505,1.8632929605231376,0.6698662224767061,7.951312060798501,0.0
2025-07-27,2025,43,development,0.8914285714285715,25.27,30.47,21.43,78.08,6.04,17.9,17.9,1.28,94.03,4.657251749228244,4.151607273597749,0.6698662224767061,0.8574287647701838,3.2941785088275655
2025-07-28,2025,44,development,0.917142857142857,25.37,30.79,20.98,76.42,6.1,17.2,17.2,0.01,94.06,4.749457155171867,4.355930705171912,0.6698662224767061,0.006698662224767061,4.349232042947145
2025-07-29,2025,45,development,0.9428571428571428,24.97,30.13,20.8,76.75,6.38,16.92,16.92,0.24,94.1,4.648918606303106,4.383266114514357,0.6698662224767061,0.16076789339440947,4.222498221119947
2025-07-30,2025,46,development,0.9685714285714284,25.03,30.2,21.31,79.99,5.06,14.01,14.01,1.87,94.13,3.8654096482603633,3.743925345029323,0.6698662224767061,1.2526498360314406,2.491275508997882
2025-07-31,2025,47,development,0.9942857142857142,26.03,31.46,21.62,77.42,4.28,17.22,17.22,0.11,94.22,4.481499009781132,4.4558904440109535,0.6698662224767061,0.07368528447243768,4.382205159538516
2025-08-01,2025,48,development,1.02,26.05,31.0,21.67,77.01,3.51,18.88,18.88,0.01,94.26,4.573354494057696,4.66482158393885,0.7412828522441695,0.007412828522441695,4.657408755416409
2025-08-02,2025,49,development,1.0457142857142856,26.41,30.77,22.23,76.06,2.64,19.73,19.73,0.04,94.27,4.601254545799543,4.811597610750379,0.7412828522441695,0.02965131408976678,4.781946296660612
2025-08-03,2025,50,development,1.0714285714285714,25.93,29.16,22.66,81.08,1.87,19.12,19.12,6.54,94.37,4.109503074128902,4.403039007995252,0.7412828522441695,4.847989853676868,0.0
2025-08-04,2025,51,development,1.097142857142857,26.23,29.19,22.87,81.19,1.19,17.39,17.39,7.95,94.42,3.760488329878534,4.1257929104953055,0.7412828522441695,5.893198675341147,0.0
2025-08-05,2025,52,development,1.1228571428571428,26.21,29.59,23.44,84.99,0.64,17.01,17.01,27.85,94.37,3.603640046192245,4.046372966153006,0.7412828522441695,20.64472743500012,0.0
2025-08-06,2025,53,development,1.1485714285714284,25.84,29.14,23.08,84.39,1.35,20.56,20.56,1.96,94.3,4.216769963239505,4.843261500635088,0.7412828522441695,1.4529143903985722,3.390347110236516
2025-08-07,2025,54,development,1.1742857142857142,25.48,27.58,23.85,84.11,0.61,15.98,15.98,28.62,94.31,3.363242657563396,3.949407806453016,0.7412828522441695,21.21551523122813,0.0
2025-08-08,2025,55,development,1.2,25.05,28.14,22.06,84.8,1.28,13.97,13.97,12.62,94.43,3.0569005264367646,3.6682806317241172,0.7412828522441695,9.354989595321419,0.0
2025-08-09,2025,56,mid_season,1.2,25.2,29.18,21.65,83.06,1.46,15.98,15.98,13.75,94.54,3.4629640413252494,4.155556849590299,0.7412828522441695,10.19263921835733,0.0
2025-08-10,2025,57,mid_season,1.2,24.35,27.92,21.55,86.79,1.45,14.71,14.71,13.33,94.46,3.0986295777090573,3.7183554932508684,0.7412828522441695,9.881300420414778,0.0
2025-08-11,2025,58,mid_season,1.2,25.01,28.94,21.85,84.22,2.8,15.63,15.63,11.93,94.41,3.4836604889749445,4.180392586769933,0.7412828522441695,8.843504427272942,0.0
2025-08-12,2025,59,mid_season,1.2,24.16,27.41,22.17,87.18,3.38,15.31,15.31,11.94,94.29,3.2303364102824768,3.8764036923389718,0.7412828522441695,8.850917255795382,0.0
2025-08-13,2025,60,mid_season,1.2,23.62,26.62,21.7,91.03,3.3,9.29,9.29,24.3,94.1,2.1390003548873397,2.5668004258648076,0.7412828522441695,18.013173309533318,0.0
2025-08-14,2025,61,mid_season,1.2,24.42,28.72,21.64,88.0,2.9,12.1,12.1,14.56,94.07,2.758731588839246,3.310477906607095,0.7412828522441695,10.793078328675108,0.0
2025-08-15,2025,62,mid_season,1.2,23.27,25.6,21.24,92.12,4.16,14.47,14.47,20.25,93.95,2.6875788553129816,3.225094626375578,0.7412828522441695,15.010977757944431,0.0
2025-08-16,2025,63,mid_season,1.2,23.68,25.91,22.35,92.0,3.79,7.32,7.32,7.5,93.84,1.8225269745649855,2.1870323694779823,0.7412828522441695,5.559621391831271,0.0
2025-08-17,2025,64,mid_season,1.2,24.5,28.64,21.36,88.47,3.71,12.7,12.7,23.23,93.83,2.8375207461042553,3.405024895325106,0.7412828522441695,17.220000657632056,0.0
2025-08-18,2025,65,mid_season,1.2,23.26,25.53,21.69,91.9,5.11,7.84,7.84,31.53,93.98,1.893498316300972,2.272197979561166,0.7412828522441695,23.372648331258663,0.0
2025-08-19,2025,66,mid_season,1.2,23.73,27.14,21.54,90.85,4.79,10.8,10.8,13.01,94.01,2.3766509817379067,2.851981178085488,0.7412828522441695,9.644089907696644,0.0
2025-08-20,2025,67,mid_season,1.2,24.17,28.23,21.27,87.02,4.69,13.21,13.21,2.71,94.19,3.017093530106152,3.6205122361273823,0.7412828522441695,2.0088765295816993,1.611635706545683
2025-08-21,2025,68,mid_season,1.2,24.73,29.3,20.95,85.37,3.92,17.76,17.76,0.25,94.45,3.7429922180123034,4.491590661614764,0.7412828522441695,0.18532071306104236,4.306269948553722
2025-08-22,2025,69,mid_season,1.2,24.27,28.2,21.22,86.13,3.79,19.12,19.12,0.01,94.44,3.8064585054089926,4.567750206490791,0.7412828522441695,0.007412828522441695,4.56033737796835
2025-08-23,2025,70,mid_season,1.2,24.39,28.54,21.08,84.67,4.31,19.83,19.83,0.0,94.37,4.02012997613026,4.824155971356312,0.7412828522441695,0.0,4.824155971356312
2025-08-24,2025,71,mid_season,1.2,24.16,28.54,20.52,83.91,4.41,17.23,17.23,0.0,94.43,3.724973447580126,4.469968137096151,0.7412828522441695,0.0,4.469968137096151
2025-08-25,2025,72,mid_season,1.2,24.36,29.18,20.41,83.25,3.98,20.82,20.82,0.0,94.39,4.243148566787522,5.091778280145027,0.7412828522441695,0.0,5.091778280145027
2025-08-26,2025,73,mid_season,1.2,23.68,26.56,21.26,89.97,3.36,9.31,9.31,32.13,94.34,2.1924012807312576,2.630881536877509,0.7412828522441695,23.817418042605166,0.0
2025-08-27,2025,74,mid_season,1.2,23.37,25.21,21.83,93.35,3.96,3.54,3.54,70.9,94.16,1.2247571151693712,1.4697085382032455,0.7412828522441695,52.55695422411162,0.0
2025-08-28,2025,75,mid_season,1.2,23.44,25.63,22.02,93.18,4.21,7.77,7.77,36.11,94.02,1.7833761576669032,2.1400513892002837,0.7412828522441695,26.76772379453696,0.0
2025-08-29,2025,76,mid_season,1.2,24.54,28.58,22.0,87.56,3.34,15.6,15.6,4.42,94.11,3.2830593712096525,3.9396712454515828,0.7412828522441695,3.276470206919229,0.6632010385323537
2025-08-30,2025,77,mid_season,1.2,24.98,28.76,21.93,87.52,2.76,17.39,17.39,5.22,94.32,3.544006585480391,4.2528079025764685,0.7412828522441695,3.869496488714564,0.38331141386190426
2025-08-31,2025,78,mid_season,1.2,24.36,27.52,22.1,89.61,3.14,14.7,14.7,3.1,94.29,2.993704099756996,3.592444919708395,0.7412828522441695,2.2979768419569253,1.2944680777514699
2025-09-01,2025,79,mid_season,1.2,24.67,28.24,22.15,88.21,3.7,12.22,12.22,6.33,94.15,2.785121540948365,3.342145849138038,0.7162703463058477,4.533991292116016,0.0
2025-09-02,2025,80,mid_season,1.2,23.73,27.09,21.47,91.25,3.31,11.65,11.65,6.0,94.09,2.439075591662388,2.9268907099948653,0.7162703463058477,4.297622077835086,0.0
2025-09-03,2025,81,mid_season,1.2,23.71,26.57,21.92,90.48,2.67,18.17,18.17,1.19,94.05,3.383690075874458,4.060428091049349,0.7162703463058477,0.8523617121039587,3.2080663789453907
2025-09-04,2025,82,mid_season,1.2,24.33,28.32,21.37,86.06,3.2,19.95,19.95,0.52,94.16,3.913385722226555,4.696062866671865,0.7162703463058477,0.3724605800790408,4.323602286592824
2025-09-05,2025,83,mid_season,1.2,24.23,28.46,20.57,86.25,3.1,19.36,19.36,0.05,94.32,3.7973901781035653,4.556868213724278,0.7162703463058477,0.035813517315292386,4.521054696408986
2025-09-06,2025,84,mid_season,1.2,24.53,28.66,20.59,85.54,2.53,19.78,19.78,0.25,94.43,3.9029145139887222,4.683497416786467,0.7162703463058477,0.17906758657646193,4.504429830210005
2025-09-07,2025,85,mid_season,1.2,24.42,28.71,20.75,82.87,2.56,20.54,20.54,0.07,94.45,4.126698887926197,4.952038665511436,0.7162703463058477,0.050138924241409345,4.901899741270027
2025-09-08,2025,86,mid_season,1.2,23.99,27.76,21.31,85.97,2.47,21.86,21.86,0.6,94.45,4.130790937007074,4.956949124408489,0.7162703463058477,0.42976220778350865,4.52718691662498
2025-09-09,2025,87,mid_season,1.2,25.04,29.13,20.5,81.03,1.03,20.89,20.89,0.4,94.52,4.146629408632369,4.975955290358843,0.7162703463058477,0.2865081385223391,4.689447151836504
2025-09-10,2025,88,mid_season,1.2,24.73,28.01,21.35,87.81,1.5,14.91,14.91,9.4,94.5,3.0771275000067972,3.6925530000081563,0.7162703463058477,6.732941255274969,0.0
2025-09-11,2025,89,mid_season,1.2,23.8,26.39,22.33,92.14,2.8,8.2,8.2,36.83,94.44,1.904458512527856,2.285350215033427,0.7162703463058477,26.38023685444437,0.0
2025-09-12,2025,90,mid_season,1.2,22.82,24.77,21.44,94.05,3.08,9.83,9.83,6.43,94.44,1.9601523012151614,2.3521827614581934,0.7162703463058477,4.605618326746601,0.0
2025-09-13,2025,91,mid_season,1.2,23.97,27.32,21.73,91.94,2.81,9.43,9.43,10.91,94.39,2.0955582903816175,2.5146699484579407,0.7162703463058477,7.814509478196799,0.0
2025-09-14,2025,92,mid_season,1.2,25.1,28.19,22.38,90.19,1.43,14.89,14.89,7.15,94.35,3.039286086683675,3.64714330402041,0.7162703463058477,5.121332976086811,0.0
2025-09-15,2025,93,mid_season,1.2,24.66,27.01,22.86,91.83,2.29,14.72,14.72,9.91,94.3,2.8953710922222613,3.4744453106667135,0.7162703463058477,7.098239131890951,0.0
2025-09-16,2025,94,mid_season,1.2,25.23,29.05,22.01,88.64,1.17,14.15,14.15,9.3,94.31,2.970596125834249,3.5647153510010985,0.7162703463058477,6.6613142206443845,0.0
2025-09-17,2025,95,mid_season,1.2,25.29,29.03,22.13,88.16,1.09,15.76,15.76,30.25,94.38,3.2400811359148185,3.888097363097782,0.7162703463058477,21.667177975751894,0.0
2025-09-18,2025,96,late_season,1.1716666666666666,25.57,29.18,22.08,85.97,0.85,18.88,18.88,6.63,94.37,3.788067149762894,4.43835201047219,0.7162703463058477,4.74887239600777,0.0
2025-09-19,2025,97,late_season,1.1433333333333333,25.28,28.7,21.99,87.39,1.31,16.76,16.76,5.7,94.45,3.4025148725565666,3.890208670956341,0.7162703463058477,4.0827409739433325,0.0
2025-09-20,2025,98,late_season,1.115,25.14,28.69,22.06,89.59,1.68,17.4,17.4,18.23,94.41,3.4384596847497995,3.8338825484960264,0.7162703463058477,13.057608413155604,0.0
2025-09-21,2025,99,late_season,1.0866666666666667,24.7,27.42,22.75,93.17,1.72,18.0,18.0,30.63,94.39,3.379227863504211,3.6720942783412425,0.7162703463058477,21.939360707348115,0.0
2025-09-22,2025,100,late_season,1.0583333333333333,24.27,27.46,22.01,91.32,2.05,13.71,13.71,17.8,94.41,2.7419887968935455,2.9019381433790024,0.7162703463058477,12.74961216424409,0.0
2025-09-23,2025,101,late_season,1.03,24.18,27.4,21.92,90.43,2.37,13.07,13.07,6.6,94.43,2.6745537070721346,2.7547903182842988,0.7162703463058477,4.727384285618595,0.0
2025-09-24,2025,102,late_season,1.0016666666666667,23.52,26.9,21.11,91.09,3.32,15.0,15.0,0.2,94.3,2.83634857325216,2.8410758208742473,0.7162703463058477,0.14325406926116954,2.697821751613078
2025-09-25,2025,103,late_season,0.9733333333333333,22.87,25.0,21.65,92.21,3.82,7.35,7.35,19.8,94.24,1.7471542958437052,1.7005635146212064,0.7162703463058477,14.182152856855785,0.0
2025-09-26,2025,104,late_season,0.945,23.8,27.13,21.47,93.41,3.38,8.91,8.91,27.0,94.1,1.9150370021781569,1.809709967058358,0.7162703463058477,19.33929935025789,0.0
2025-09-27,2025,105,late_season,0.9166666666666666,23.54,25.41,22.25,93.64,2.66,7.57,7.57,25.9,94.04,1.7034263992684024,1.5614741993293688,0.7162703463058477,18.551401969321457,0.0
2025-09-28,2025,106,late_season,0.8883333333333333,23.51,27.41,20.48,91.17,3.67,7.27,7.27,1.84,94.13,1.836534705050409,1.63145499631978,0.7162703463058477,1.31793743720276,0.31351755911702006
2025-09-29,2025,107,late_season,0.8599999999999999,23.49,27.57,20.21,88.56,2.66,19.39,19.39,0.97,94.31,3.552173064066518,3.054868835097205,0.7162703463058477,0.6947822359166723,2.3600865991805327
2025-09-30,2025,108,late_season,0.8316666666666666,23.62,27.5,20.23,88.57,2.71,19.3,19.3,1.69,94.28,3.5379699406337566,2.9424116672937406,0.7162703463058477,1.2104968852568827,1.731914782036858
2025-10-01,2025,109,late_season,0.8033333333333332,23.96,28.31,20.27,87.2,2.71,20.21,20.21,0.1,94.26,3.7689068236730123,3.0276884816839864,0.3705369435520881,0.03705369435520881,2.9906347873287777
2025-10-02,2025,110,late_season,0.7749999999999999,23.57,26.7,21.71,88.45,2.72,13.12,13.12,0.04,94.42,2.7196985409283294,2.1077663692194553,0.3705369435520881,0.014821477742083524,2.0929448914773716
2025-10-03,2025,111,late_season,0.7466666666666666,24.01,27.76,21.19,88.03,2.56,19.41,19.41,0.06,94.59,3.6206529066230293,2.703420836945195,0.3705369435520881,0.022232216613125286,2.6811886203320694
2025-10-04,2025,112,late_season,0.7183333333333333,23.18,25.9,21.03,91.66,2.11,15.96,15.96,4.28,94.72,2.9165055461037177,2.095023150617837,0.3705369435520881,1.5858981184029373,0.5091250322148999
2025-10-05,2025,113,late_season,0.69,24.1,27.53,21.37,89.52,1.65,12.86,12.86,5.59,94.69,2.6324491017600677,1.8163898802144467,0.3705369435520881,2.0713015144561724,0.0
2025-10-06,2025,114,late_season,0.6616666666666666,23.82,26.82,21.5,91.24,1.32,17.6,17.6,5.04,94.74,3.2681330451341974,2.1624146981971273,0.3705369435520881,1.867506195502524,0.2949085026946032
2025-10-07,2025,115,late_season,0.6333333333333333,23.92,27.32,21.14,89.55,1.72,17.83,17.83,4.85,94.78,3.3300597310657305,2.1090378296749623,0.3705369435520881,1.7971041762276272,0.31193365344733515
2025-10-08,2025,116,late_season,0.605,24.14,27.65,20.87,88.25,1.28,18.8,18.8,12.91,94.77,3.526686866652145,2.1336455543245476,0.3705369435520881,4.7836319412574575,0.0
2025-10-09,2025,117,late_season,0.5766666666666667,23.46,27.1,20.98,89.36,1.97,17.8,17.8,8.16,94.82,3.2853783168259993,1.8945681627029929,0.3705369435520881,3.023581459385039,0.0
2025-10-10,2025,118,late_season,0.5483333333333332,22.23,27.55,18.1,83.34,1.92,19.71,19.71,0.01,94.7,3.6305944365258345,1.9907759493616655,0.3705369435520881,0.003705369435520881,1.9870705799261446
2025-10-11,2025,119,late_season,0.5199999999999999,21.45,27.1,16.46,84.06,2.35,18.68,18.68,0.0,94.69,3.4009839930101564,1.768511676365281,0.3705369435520881,0.0,1.768511676365281
2025-10-12,2025,120,late_season,0.4916666666666666,21.96,27.53,16.59,88.48,2.14,21.24,21.24,0.41,94.66,3.603397781571411,1.7716705759392768,0.3705369435520881,0.1519201468563561,1.6197504290829208
2025-10-13,2025,121,late_season,0.46333333333333326,23.02,27.41,19.96,90.28,2.41,12.72,12.72,0.38,94.71,2.5151729536185514,1.1653634685099286,0.3705369435520881,0.14080403854979348,1.024559429960135
2025-10-14,2025,122,late_season,0.43499999999999994,23.63,28.2,20.21,89.72,1.84,13.11,13.11,1.43,94.56,2.6247998630961042,1.1417879404468052,0.3705369435520881,0.529867829279486,0.6119201111673193
2025-10-15,2025,123,late_season,0.4066666666666666,23.64,27.86,20.41,88.71,2.27,19.21,19.21,0.32,94.56,3.4921358753778247,1.4201352559869818,0.3705369435520881,0.1185718219366682,1.3015634340503135
2025-10-16,2025,124,late_season,0.3783333333333333,23.14,28.08,19.03,86.94,2.0,21.6,21.6,0.0,94.63,3.8279669427754435,1.4482474933500427,0.3705369435520881,0.0,1.4482474933500427
2025-10-17,2025,125,late_season,0.35,22.55,27.15,19.21,88.44,2.07,18.98,18.98,0.0,94.77,3.3613893654185834,1.1764862778965042,0.3705369435520881,0.0,1.1764862778965042
